#{"t_start": 1790172179.146064, "env_id": "None"}
r,l,t
188.72453,500,17.411633
196.74603,500,17.411633
234.78217,500,17.411633
196.64275,500,17.411633
249.45212,500,17.412133
197.37129,500,17.412133
166.87405,500,17.412133
75.16983,500,17.412133
194.52193,500,17.412133
201.87515,500,17.412133
210.96182,500,17.412133
143.08197,500,17.412133
244.5024,500,17.412133
193.80739,500,17.412133
194.51785,500,17.412133
164.63109,500,17.412133
218.6559,500,33.545688
155.62854,500,33.545688
230.39919,500,33.545688
225.03319,500,33.546188
191.93092,500,33.546188
159.0868,500,33.546188
212.28606,500,33.546188
210.72322,500,33.546188
210.65239,500,33.546188
203.00772,500,33.546188
237.1294,500,33.546188
159.09468,500,33.546188
193.70815,500,33.546188
192.62308,500,33.546188
212.55344,500,33.546188
184.79715,500,33.546188
218.74524,500,49.835664
191.52687,500,49.836164
246.73643,500,49.836164
215.30219,500,49.836164
231.13266,500,49.836164
214.83707,500,49.836164
204.51703,500,49.836164
185.01569,500,49.836164
237.13324,500,49.836164
194.03975,500,49.836164
243.44649,500,49.836164
226.6071,500,49.836164
157.09615,500,49.836164
197.81279,500,49.836164
237.1743,500,49.836164
143.12912,500,49.836164
184.67238,500,65.977894
207.80916,500,65.977894
220.15796,500,65.977894
196.64606,500,65.977894
224.8337,500,65.977894
206.2212,500,65.977894
227.63358,500,65.977894
186.07376,500,65.977894
221.53804,500,65.977894
199.4033,500,65.977894
206.38829,500,65.977894
183.8767,500,65.977894
151.95804,500,65.977894
217.30284,500,65.977894
192.68997,500,65.977894
85.69055,500,65.977894
198.98271,500,82.180874
180.11496,500,82.180874
223.27031,500,82.180874
188.13737,500,82.181376
176.1087,500,82.181376
85.78411,500,82.181376
237.25226,500,82.181376
140.2995,500,82.181376
186.66632,500,82.181376
174.22353,500,82.181376
143.92227,500,82.181376
86.296585,500,82.181376
229.99115,500,82.181376
219.58218,500,82.181376
217.67094,500,82.181376
164.34937,500,82.181376
238.35359,500,98.268646
218.7567,500,98.268646
214.49191,500,98.268646
200.98877,500,98.268646
226.05698,500,98.268646
120.37446,500,98.268646
177.78093,500,98.268646
74.28475,500,98.268646
224.83652,500,98.268646
197.65184,500,98.268646
228.12015,500,98.268646
182.83234,500,98.268646
210.84721,500,98.268646
174.20613,500,98.268646
191.32599,500,98.268646
181.31001,500,98.268646
230.0644,500,114.538749
136.29971,500,114.538749
186.22966,500,114.538749
179.26646,500,114.538749
186.72264,500,114.538749
184.69485,500,114.538749
241.03291,500,114.538749
169.05858,500,114.538749
225.93747,500,114.538749
107.99303,500,114.538749
203.6058,500,114.538749
175.24873,500,114.538749
234.45134,500,114.538749
195.96597,500,114.538749
85.10939,500,114.538749
94.84332,500,114.538749
201.80798,500,130.672144
163.3463,500,130.672144
166.27824,500,130.672144
209.45737,500,130.672144
226.6764,500,130.672144
191.18533,500,130.672144
153.51297,500,130.672144
75.7007,500,130.672144
210.66673,500,130.672144
76.35321,500,130.672144
214.80858,500,130.672144
188.2984,500,130.672144
185.80814,500,130.672144
54.77968,500,130.672144
192.03577,500,130.672144
183.89014,500,130.672144
225.63397,500,146.933829
180.67986,500,146.933829
217.03601,500,146.933829
166.94376,500,146.933829
221.25941,500,146.933829
178.93861,500,146.933829
212.16287,500,146.933829
163.28735,500,146.933829
192.38348,500,146.933829
176.32722,500,146.933829
198.25928,500,146.933829
162.88507,500,146.934332
218.55682,500,146.934332
180.84818,500,146.934332
224.61165,500,146.934332
156.63945,500,146.934332
225.6921,500,163.107066
181.70186,500,163.107066
230.22926,500,163.107066
190.72607,500,163.107066
193.14151,500,163.107066
123.5257,500,163.107066
233.14372,500,163.107066
178.37726,500,163.107066
188.30855,500,163.107066
167.43158,500,163.107066
221.98787,500,163.107566
172.84062,500,163.107566
228.16714,500,163.107566
176.66164,500,163.107566
235.44878,500,163.107566
193.00058,500,163.107566
-67.19042,500,178.808343
56.122345,500,178.808343
196.86024,500,178.808343
192.84122,500,178.808343
166.82887,500,178.808343
157.76985,500,178.808343
189.97253,500,178.808343
216.41603,500,178.808343
214.12793,500,178.808343
201.11249,500,178.808343
227.84041,500,178.808343
181.98055,500,178.808343
168.50853,500,178.808343
195.61426,500,178.808343
196.31041,500,178.808343
88.950935,500,178.808343
149.39232,500,195.041906
164.14508,500,195.041906
215.15607,500,195.041906
198.58377,500,195.041906
144.82982,500,195.041906
126.19748,500,195.041906
203.67384,500,195.041906
196.44347,500,195.041906
210.22697,500,195.041906
155.90482,500,195.041906
178.73898,500,195.041906
196.24362,500,195.041906
159.99548,500,195.041906
180.75647,500,195.041906
216.78531,500,195.041906
185.3774,500,195.041906
221.4843,500,211.754686
207.58525,500,211.754686
196.38814,500,211.754686
200.48715,500,211.754686
217.12108,500,211.754686
222.21967,500,211.754686
210.78984,500,211.754686
205.5133,500,211.754686
202.97382,500,211.754686
82.351776,500,211.754686
200.68564,500,211.754686
189.14526,500,211.754686
156.65938,500,211.754686
182.24364,500,211.754686
201.85757,500,211.754686
164.0624,500,211.754686
136.18112,500,228.678644
207.51515,500,228.678644
150.0767,500,228.678644
172.55634,500,228.678644
204.05013,500,228.678644
170.34052,500,228.678644
163.85394,500,228.678644
175.85338,500,228.678644
150.20488,500,228.678644
201.15002,500,228.678644
176.37706,500,228.678644
172.67427,500,228.678644
208.46083,500,228.679144
207.77957,500,228.679144
180.38889,500,228.679144
145.69429,500,228.679144
206.00069,500,245.256782
184.85268,500,245.256782
155.72945,500,245.256782
159.67023,500,245.256782
170.40038,500,245.256782
199.49945,500,245.256782
221.38187,500,245.256782
220.8737,500,245.256782
215.40437,500,245.256782
150.71964,500,245.256782
209.90883,500,245.256782
90.91075,500,245.256782
218.9091,500,245.256782
201.89993,500,245.256782
223.19691,500,245.256782
201.27777,500,245.256782
220.2962,500,262.169601
192.96564,500,262.169601
186.60965,500,262.169601
195.65575,500,262.169601
173.46533,500,262.169601
166.42096,500,262.169601
213.08803,500,262.169601
186.31952,500,262.169601
192.02322,500,262.169601
159.38591,500,262.169601
186.44423,500,262.169601
155.65585,500,262.170101
226.24365,500,262.170101
189.9319,500,262.170101
139.75662,500,262.170101
147.88712,500,262.170101
206.32124,500,279.121912
196.40074,500,279.121912
232.1576,500,279.121912
207.71062,500,279.121912
186.92654,500,279.121912
188.8242,500,279.121912
219.23483,500,279.121912
183.30997,500,279.121912
217.29408,500,279.121912
184.969,500,279.121912
227.80853,500,279.121912
218.41957,500,279.121912
171.5338,500,279.121912
206.68538,500,279.121912
216.84975,500,279.121912
190.46133,500,279.121912
187.2931,500,295.664989
213.2215,500,295.664989
183.05208,500,295.664989
180.92242,500,295.664989
232.21898,500,295.664989
189.76892,500,295.664989
186.59122,500,295.664989
204.54639,500,295.664989
207.32245,500,295.664989
167.48067,500,295.664989
113.66697,500,295.664989
193.40811,500,295.664989
220.08806,500,295.664989
169.12737,500,295.664989
179.84596,500,295.664989
167.97458,500,295.664989
199.93933,500,312.144926
152.68044,500,312.144926
177.90448,500,312.144926
208.09756,500,312.144926
233.52669,500,312.144926
190.73714,500,312.144926
220.35434,500,312.144926
209.38522,500,312.144926
195.52293,500,312.144926
189.40752,500,312.144926
233.52278,500,312.144926
209.7897,500,312.144926
212.69112,500,312.144926
197.77939,500,312.144926
227.62712,500,312.144926
197.88068,500,312.144926
172.79453,500,328.876482
205.7292,500,328.876482
226.62083,500,328.876482
210.09698,500,328.876482
173.66803,500,328.876482
168.47818,500,328.876482
196.34332,500,328.876482
189.97493,500,328.876482
223.6721,500,328.876482
205.65054,500,328.876482
225.04477,500,328.876482
178.82591,500,328.876482
235.81844,500,328.876482
178.55,500,328.876985
172.32736,500,328.876985
162.94466,500,328.876985
202.69579,500,345.47097
222.92307,500,345.47147
197.47298,500,345.47147
197.10928,500,345.47147
220.85028,500,345.47147
166.01015,500,345.47147
184.45636,500,345.47147
203.21202,500,345.47147
135.94305,500,345.47147
109.18584,500,345.47147
221.57854,500,345.47147
167.47076,500,345.47147
184.05559,500,345.47147
189.32114,500,345.47147
191.17674,500,345.47147
143.24612,500,345.47147
202.55959,500,361.539318
208.06029,500,361.539318
210.83763,500,361.539318
184.95909,500,361.539318
51.92312,500,361.539318
77.65294,500,361.539318
237.83572,500,361.539318
214.24136,500,361.539318
246.98024,500,361.539318
208.20201,500,361.539318
213.3312,500,361.539318
190.22475,500,361.539318
210.70331,500,361.539318
191.57686,500,361.539318
206.0505,500,361.539318
202.35791,500,361.539318
-138.63464,229,369.209881
-232.61505,229,369.209881
245.02267,500,378.091738
182.66306,500,378.091738
242.05986,500,378.091738
186.13904,500,378.091738
239.90079,500,378.091738
208.9019,500,378.091738
221.82759,500,378.091738
165.00072,500,378.091738
217.62053,500,378.091738
198.33835,500,378.091738
226.59515,500,378.091738
229.26158,500,378.091738
246.52931,500,378.091738
210.27016,500,378.091738
239.48734,500,385.780098
178.8571,500,385.780098
221.18105,500,394.633116
185.25435,500,394.633116
227.68709,500,394.633116
213.63754,500,394.633116
236.94666,500,394.634119
213.35478,500,394.634119
215.9315,500,394.634119
211.15213,500,394.634119
233.14098,500,394.634119
216.67654,500,394.634119
225.79488,500,394.634119
196.60736,500,394.634119
206.00945,500,394.634119
201.33786,500,394.634119
246.47182,500,402.354922
174.0793,500,402.354922
220.12181,500,411.299688
169.9236,500,411.299688
218.18771,500,411.299688
181.98051,500,411.299688
226.43132,500,411.299688
185.75923,500,411.299688
223.62083,500,411.299688
213.04694,500,411.299688
207.69768,500,411.299688
180.89706,500,411.299688
210.12685,500,411.299688
188.90689,500,411.299688
235.26236,500,411.299688
209.9073,500,411.299688
204.97826,500,419.000506
190.66454,500,419.000506
237.5214,500,427.860506
203.08249,500,427.860506
247.96878,500,427.860506
225.65454,500,427.860506
236.3582,500,427.860506
211.44753,500,427.860506
198.0719,500,427.860506
181.50407,500,427.860506
238.1555,500,427.860506
226.05469,500,427.860506
213.94072,500,427.860506
211.24556,500,427.860506
239.27913,500,427.860506
184.22629,500,427.860506
237.6723,500,435.561642
222.54294,500,435.561642
228.6267,500,444.538774
169.21217,500,444.539279
235.33525,500,444.539279
202.56674,500,444.539279
213.33675,500,444.539279
167.3183,500,444.539279
243.54684,500,444.539279
144.94427,500,444.539279
235.40855,500,444.539279
229.25642,500,444.539279
209.83653,500,444.539279
188.94287,500,444.539279
234.04918,500,444.539279
174.09068,500,444.539279
219.0539,500,452.26839
189.95961,500,452.26839
161.06212,500,461.138643
153.09322,500,461.138643
229.53798,500,461.138643
190.91182,500,461.138643
238.15384,500,461.138643
184.59592,500,461.138643
226.20741,500,461.138643
185.13243,500,461.138643
233.63348,500,461.138643
178.98749,500,461.138643
232.8664,500,461.138643
236.98006,500,461.138643
170.48506,500,461.138643
95.90954,500,461.138643
206.31929,500,468.896161
214.1047,500,468.896161
240.22865,500,477.786366
209.94214,500,477.786366
194.02286,500,477.786366
176.81723,500,477.786366
238.0891,500,477.786366
222.18965,500,477.786366
228.51462,500,477.786366
190.69807,500,477.786366
206.51689,500,477.786366
199.4586,500,477.786366
188.46349,500,477.786366
150.54144,500,477.786366
249.8905,500,477.786366
179.8387,500,477.786366
217.96762,500,485.499906
195.7356,500,485.500409
230.9479,500,494.399115
222.97661,500,494.399115
235.43161,500,494.399115
229.36383,500,494.399115
224.33379,500,494.399115
201.46664,500,494.399115
240.09807,500,494.399115
209.22389,500,494.399115
96.650345,500,494.399115
69.45337,500,494.399115
243.97278,500,494.399115
183.70413,500,494.399115
231.74908,500,494.399115
208.8926,500,494.399115
195.62173,500,501.618795
207.48859,500,501.618795
229.82806,500,510.99738
190.30797,500,510.99738
217.86902,500,510.99738
213.16606,500,510.99738
206.84581,500,510.99738
112.66393,500,510.99738
239.06654,500,510.99738
224.13214,500,510.99738
167.52286,500,510.99738
106.09561,500,510.99738
231.87143,500,510.99738
225.99341,500,510.99738
214.98398,500,510.99738
161.03204,500,510.99788
193.01642,500,518.1735
197.24303,500,518.1735
235.53192,500,527.177923
225.64955,500,527.177923
243.25864,500,527.177923
197.0946,500,527.177923
240.21954,500,527.177923
215.40263,500,527.177923
185.11696,500,527.177923
205.76404,500,527.177923
236.19363,500,527.177923
200.7069,500,527.177923
187.78775,500,527.177923
210.44371,500,527.177923
233.54845,500,527.177923
206.24788,500,527.177923
220.9675,500,534.841718
190.0411,500,534.841718
206.04694,500,543.71052
203.34077,500,543.71052
220.73575,500,543.71052
182.01817,500,543.71052
227.72417,500,543.71052
186.51163,500,543.71052
-234.05124,500,543.71052
-175.24258,500,543.71052
226.3821,500,543.71052
214.61948,500,543.71052
230.45581,500,543.71052
188.952,500,543.71052
193.09839,500,543.71052
140.62407,500,543.71052
205.5076,500,551.453216
195.91843,500,551.453719
212.12442,500,560.442002
190.59242,500,560.442002
175.90599,500,560.442002
208.74353,500,560.442002
225.7324,500,560.442002
227.96959,500,560.442002
196.2145,500,560.442002
200.41513,500,560.442002
225.06395,500,560.442002
188.87215,500,560.442002
167.6638,500,560.442002
209.78568,500,560.442002
246.6521,500,560.442002
191.04944,500,560.442002
179.6824,500,568.101206
211.57843,500,568.101206
68.65309,500,576.981505
232.9232,500,576.981505
205.19763,500,576.981505
190.59341,500,576.981505
238.00562,500,576.981505
159.67065,500,576.981505
207.26526,500,576.981505
187.2666,500,576.981505
194.89513,500,576.981505
201.43265,500,576.981505
49.655663,500,576.981505
175.34663,500,576.981505
238.92746,500,576.981505
183.8546,500,576.981505
222.07578,500,584.59165
215.49382,500,584.59165
238.46935,500,593.5993
188.6403,500,593.5993
205.46846,500,593.5993
167.5883,500,593.5993
139.46883,500,593.5993
205.96437,500,593.5993
235.26727,500,593.5993
196.85727,500,593.5998
1.9156178,500,593.5998
118.49302,500,593.5998
245.58395,500,593.5998
214.41852,500,593.5998
195.19565,500,593.5998
165.34622,500,593.5998
225.2925,500,601.304443
211.96205,500,601.304443
220.42879,500,610.175163
188.16689,500,610.175163
224.10565,500,610.175163
183.07652,500,610.175163
199.41356,500,610.175163
204.20757,500,610.175163
233.23308,500,610.175163
217.28796,500,610.175163
236.00299,500,610.175163
197.42949,500,610.175163
241.07104,500,610.175163
225.70348,500,610.175163
209.31331,500,610.175163
183.40979,500,610.175163
225.14534,500,617.925899
184.17827,500,617.925899
-427.90085,278,619.344067
-711.43994,278,619.344067
234.2116,500,626.800658
119.09486,500,626.800658
150.13992,500,626.800658
216.32007,500,626.800658
214.01875,500,626.800658
221.52309,500,626.801158
-33.68987,500,626.801158
97.244576,500,626.801158
231.48322,500,626.801158
183.91702,500,626.801158
214.31787,500,626.801158
122.831276,500,626.801158
194.38605,500,634.524142
199.72853,500,634.524642
160.55963,500,635.942137
137.29086,500,635.942137
221.6389,500,643.448843
144.26134,500,643.448843
215.18692,500,643.448843
103.85962,500,643.448843
141.90874,500,643.448843
58.20472,500,643.448843
233.2972,500,643.448843
151.30325,500,643.448843
236.4127,500,643.448843
205.50478,500,643.448843
232.83202,500,643.448843
198.77168,500,643.448843
219.41068,500,651.160494
106.93428,500,651.160494
197.3402,500,652.578199
158.17744,500,652.578199
227.55296,500,660.035361
219.14168,500,660.035361
219.51093,500,660.035361
166.37004,500,660.035361
101.07832,500,660.035361
112.9018,500,660.035361
228.71577,500,660.035361
165.91785,500,660.035361
238.47,500,660.035361
166.7418,500,660.035361
233.64091,500,660.035361
176.57472,500,660.035361
239.93808,500,667.764171
188.11104,500,667.764171
82.34373,500,669.165748
7.836129,500,669.16625
167.56209,500,676.7129
120.59068,500,676.7129
245.97192,500,676.7129
166.2743,500,676.7129
230.1846,500,676.7129
151.55911,500,676.7129
236.3327,500,676.713402
182.72643,500,676.713402
231.52473,500,676.713402
194.07668,500,676.713402
-59.175076,500,676.713402
-178.44676,500,676.713402
233.30602,500,683.820926
199.15718,500,683.820926
159.39113,500,685.776787
103.100075,500,685.776787
122.50141,500,693.231835
86.054695,500,693.231835
187.84702,500,693.231835
171.45094,500,693.231835
175.09088,500,693.231835
96.68584,500,693.231835
230.41899,500,693.231835
110.57578,500,693.231835
203.39505,500,693.231835
158.78627,500,693.231835
196.73572,500,693.231835
118.03035,500,693.231835
-6.993998,441,698.650966
-111.25713,441,698.650966
162.75468,500,702.300538
86.381004,500,702.300538
232.04451,500,709.295547
152.72496,500,709.295547
181.7015,500,709.295547
135.1961,500,709.295547
150.6077,500,709.295547
70.5639,500,709.295547
77.78552,500,709.295547
85.39989,500,709.295547
218.18141,500,709.295547
170.29085,500,709.295547
222.38887,500,709.295547
112.71079,500,709.295547
233.33003,500,715.293927
135.17972,500,715.294427
218.64468,500,718.944735
193.0013,500,718.944735
12.682305,389,722.730559
-216.05511,389,722.730559
233.69745,500,725.951571
178.11803,500,725.951571
174.44081,500,725.951571
208.44768,500,725.951571
194.79424,500,725.951571
176.8549,500,725.951571
222.117,500,725.951571
127.80444,500,725.952071
196.83144,500,725.952071
124.18845,500,725.952071
-58.059994,376,727.839094
-156.61935,376,727.839594
177.19116,500,735.62621
177.07144,500,735.62621
244.11148,500,738.950626
198.07347,500,738.950626
215.47444,500,742.699672
188.1111,500,742.700171
196.49492,500,742.700171
145.3047,500,742.700171
92.55542,500,742.700171
88.05646,500,742.700171
224.33592,500,742.700171
190.5399,500,742.700171
118.98337,500,742.700171
102.13389,500,742.700171
232.11784,500,744.56602
175.51053,500,744.56602
226.86609,500,751.796722
135.64134,500,751.796722
233.57155,500,755.552806
182.29063,500,755.552806
228.2432,500,759.407592
199.09468,500,759.407592
240.65028,500,759.407592
143.90588,500,759.407592
205.16142,500,759.407592
195.10883,500,759.407592
173.53183,500,759.407592
210.49146,500,759.407592
205.80675,500,759.407592
199.33249,500,759.407592
214.81297,500,761.37487
185.58371,500,761.37487
225.62012,500,768.835835
116.11138,500,768.835835
237.11769,500,772.601271
198.41826,500,772.601271
229.54666,500,776.375338
218.65152,500,776.375338
169.36229,500,776.375338
148.47354,500,776.375338
236.27222,500,776.375338
157.57957,500,776.375338
229.56879,500,776.375338
108.04107,500,776.375338
159.8412,500,776.375338
108.62629,500,776.375338
204.84146,500,777.681167
155.73518,500,777.681167
-1.7411067,97,779.724366
-380.9594,97,779.724366
184.20299,500,785.519298
148.33029,500,785.519298
-37.225307,500,789.276015
56.50775,500,789.276015
230.93005,500,793.030138
150.1894,500,793.030639
196.32776,500,793.030639
196.9698,500,793.030639
238.3398,500,793.030639
213.85811,500,793.030639
148.1695,500,793.030639
125.9857,500,793.030639
244.76176,500,794.389848
224.39441,500,794.390352
246.76395,500,796.47639
211.63423,500,796.477392
-596.6071,500,802.271858
-131.48688,500,802.271858
-41.140797,335,804.465558
-438.59937,335,804.465558
156.99402,500,806.074823
183.33417,500,806.074823
206.01299,500,809.813778
87.955894,500,809.813778
188.12599,500,809.813778
97.47312,500,809.813778
202.11006,500,809.813778
156.48914,500,809.813778
221.88272,500,811.141941
124.34582,500,811.141941
241.21956,500,813.165949
156.98074,500,813.165949
223.14331,500,818.919319
128.86641,500,818.919319
211.12993,500,821.130368
124.506775,500,821.130368
221.57216,500,822.673262
209.33223,500,822.673262
236.19287,500,826.495076
184.26376,500,826.495076
197.64662,500,826.495076
200.1772,500,826.495076
246.50797,500,826.495076
194.09428,500,826.495076
224.29533,500,827.861495
183.40457,500,827.861495
176.80429,500,829.8922
136.98886,500,829.8922
-80.765015,500,835.659764
-239.00198,500,835.659764
253.69165,500,837.29372
204.02817,500,837.29372
223.81075,500,839.42448
187.73132,500,839.42448
222.37823,500,843.205739
185.03014,500,843.205739
251.9151,500,843.205739
203.7614,500,843.205739
159.05794,500,843.205739
63.447395,500,843.205739
227.75089,500,844.580758
202.83044,500,844.580758
143.78354,500,846.042825
187.43497,500,846.042825
207.5511,500,852.390419
183.89127,500,852.390419
222.95818,500,854.04611
206.74376,500,854.04611
236.55684,500,856.177935
192.21242,500,856.177935
-332.74066,500,859.984963
-754.68835,500,859.984963
203.20126,500,859.984963
205.63,500,859.984963
232.74057,500,859.984963
221.42387,500,859.984963
64.82655,500,861.311027
109.68994,500,861.311027
220.10246,500,862.78718
122.68695,500,862.78718
230.39363,500,869.124455
193.31003,500,869.124455
225.42015,500,870.774109
188.87413,500,870.774609
-78.3479,500,872.919285
-141.71736,500,872.919285
-139.7655,392,873.025959
-1000.13043,392,873.025959
235.31503,500,876.692163
165.71387,500,876.692163
40.430798,500,876.692163
-556.17004,500,876.692163
209.48846,500,878.056324
119.617805,500,878.056324
248.36232,500,879.523689
233.12706,500,879.523689
217.66464,500,885.863498
144.75618,500,885.863498
199.26442,500,887.600575
192.03552,500,887.600575
251.72539,500,889.72167
197.37769,500,889.722169
10.163836,500,889.824981
-23.461485,500,889.824981
237.72813,500,892.948545
180.83206,500,892.948545
203.22539,500,892.948545
201.22621,500,892.949547
226.77254,500,894.832904
116.0186,500,894.832904
233.64616,500,896.33111
207.17116,500,896.33111
232.0674,500,902.650581
213.57928,500,902.651081
234.53833,500,904.321043
196.7774,500,904.321043
236.54929,500,905.894084
199.10703,500,905.894084
228.23012,500,905.996276
164.56232,500,905.996276
202.7726,500,909.735913
116.241905,500,909.736416
184.81844,500,909.736416
145.74294,500,909.736416
248.38803,500,911.632044
195.79323,500,911.632544
239.12619,500,913.099218
227.24736,500,913.099218
229.69118,500,919.504296
104.51103,500,919.504296
-226.8643,284,919.703743
-365.2519,284,919.703743
222.46042,500,921.19105
186.49924,500,921.191557
126.34199,500,922.75717
178.47978,500,922.75717
234.55643,500,922.857328
202.25035,500,922.857328
171.93626,500,926.58443
176.98746,500,926.58443
257.02542,500,928.507152
195.18024,500,928.507152
227.76514,500,929.998866
108.6502,500,929.998866
243.48592,500,935.705472
209.46292,500,935.705472
183.30122,500,935.888916
213.671,500,935.88942
238.19812,500,937.913168
222.47722,500,937.913168
229.45613,500,939.461882
202.44148,500,939.461882
235.27373,500,939.563614
192.2747,500,939.564114
245.79648,500,943.29981
237.23956,500,943.29981
225.50777,500,945.192572
147.14536,500,945.192572
236.53638,500,946.769896
180.07158,500,946.769896
224.70096,500,952.534676
195.71675,500,952.534676
240.96332,500,952.715854
188.68147,500,952.715854
174.31592,500,954.744914
133.7203,500,954.744914
244.63362,500,956.322052
197.31792,500,956.322052
220.47256,500,956.424716
174.22644,500,956.424716
185.2144,500,960.096161
210.704,500,960.097164
223.2179,500,961.446543
219.9837,500,961.446543
237.72792,500,963.511458
220.08878,500,963.511458
225.42256,500,969.314968
198.37154,500,969.314968
180.73135,500,969.500308
219.82996,500,969.500308
124.12026,500,971.525144
111.61541,500,971.525144
246.57066,500,973.103606
148.58997,500,973.103606
-73.548096,500,973.204647
-296.39212,500,973.204647
200.43001,500,977.006785
69.24025,500,977.006785
237.19157,500,978.537392
167.31654,500,978.537392
225.0297,500,980.635997
190.53944,500,980.635997
246.96002,500,986.439003
227.17146,500,986.439502
203.718,500,986.628877
142.09053,500,986.628877
233.6097,500,988.632548
218.4546,500,988.632548
234.0965,500,990.193542
189.93112,500,990.193542
161.29707,500,990.294373
168.63658,500,990.294373
234.15382,500,993.923266
234.61583,500,993.923266
238.81548,500,995.231092
231.0706,500,995.231092
246.38472,500,997.228605
218.87906,500,997.228605
231.91176,500,1003.045427
149.92342,500,1003.045427
176.93182,500,1003.237733
163.67966,500,1003.237733
227.92053,500,1004.741025
196.66695,500,1004.741025
222.6379,500,1006.896361
229.67671,500,1006.896361
131.87436,500,1006.995248
67.5603,500,1006.995248
239.61116,500,1010.700431
215.5862,500,1010.700934
229.24988,500,1012.013239
156.10768,500,1012.013239
230.14383,500,1014.054229
208.50215,500,1014.054229
239.16513,500,1019.830269
213.2504,500,1019.830769
240.28903,500,1020.02163
197.3354,500,1020.02163
238.83572,500,1021.491335
147.58044,500,1021.491335
215.5722,500,1023.596032
204.0369,500,1023.596032
213.76767,500,1023.699704
167.32925,500,1023.699704
234.57793,500,1027.377924
198.07327,500,1027.377924
239.82607,500,1028.733403
228.4901,500,1028.733403
213.80861,500,1030.218098
206.02194,500,1030.218098
252.79158,500,1036.576402
195.84103,500,1036.576402
250.69753,500,1036.776448
204.84741,500,1036.776448
259.4277,500,1038.255886
226.66165,500,1038.255886
242.66205,500,1040.406148
199.24483,500,1040.406148
240.51392,500,1040.506919
209.9065,500,1040.506919
246.75682,500,1044.169542
210.42224,500,1044.169542
153.38068,500,1045.51429
127.62525,500,1045.51429
190.00305,500,1047.015673
147.34311,500,1047.015673
145.43517,500,1053.298918
158.77417,500,1053.298918
242.14995,500,1053.483157
221.27803,500,1053.483157
185.2152,500,1054.977711
204.3391,500,1054.977711
222.43692,500,1057.100747
190.15347,500,1057.100747
233.82082,500,1057.200959
193.31653,500,1057.200959
228.57118,500,1060.354094
190.60855,500,1060.354094
257.78326,500,1062.244441
211.51553,500,1062.244441
242.60501,500,1063.715641
206.66652,500,1063.715641
207.56949,500,1070.099756
147.47899,500,1070.100256
249.58229,500,1070.28722
196.94583,500,1070.28722
250.48608,500,1071.752841
213.06189,500,1071.752841
223.67494,500,1073.867086
202.55502,500,1073.86759
224.60977,500,1073.967329
107.401985,500,1073.967329
257.3873,500,1077.079017
178.12225,500,1077.079017
231.73367,500,1078.977883
193.79286,500,1078.977883
197.54326,500,1080.444725
192.02919,500,1080.444725
206.17966,500,1086.753105
208.6766,500,1086.753105
248.03773,500,1086.943083
207.18031,500,1086.943083
208.5167,500,1088.414512
192.34618,500,1088.414512
204.91252,500,1089.973445
200.76347,500,1089.973445
247.0924,500,1090.076122
208.30933,500,1090.076122
207.2059,500,1093.745636
189.62836,500,1093.745636
233.6996,500,1095.610797
237.94678,500,1095.610797
-267.84534,285,1096.328157
-353.16272,285,1096.328157
241.92764,500,1097.19635
214.50606,500,1097.19635
227.64195,500,1102.920396
184.95268,500,1102.920396
218.70526,500,1105.122441
208.24315,500,1105.122441
244.34618,500,1106.683106
203.81206,500,1106.683106
235.86046,500,1106.781776
195.24579,500,1106.781776
207.12582,500,1110.49332
171.3457,500,1110.49332
236.89488,500,1112.443062
191.18808,500,1112.443562
199.28441,500,1113.11597
217.35754,500,1113.11597
261.48645,500,1113.969574
216.99962,500,1113.969574
237.02866,500,1119.742615
178.65987,500,1119.742615
252.3349,500,1121.96099
212.7638,500,1121.96099
260.74487,500,1123.55175
199.18593,500,1123.55225
187.55179,500,1123.651545
188.07315,500,1123.651545
248.84146,500,1127.408305
212.2808,500,1127.408305
224.76204,500,1128.749096
183.46564,500,1128.749096
239.90402,500,1129.975934
199.22972,500,1129.976434
216.35944,500,1130.807643
126.424866,500,1130.807643
261.0266,500,1136.535748
188.74033,500,1136.535748
-201.50978,500,1138.752477
-1202.6533,500,1138.752477
162.76643,500,1140.291167
44.25492,500,1140.291167
262.9477,500,1140.38888
161.80249,500,1140.38888
-49.90517,87,1143.441196
-309.13782,87,1143.441196
242.3005,500,1144.04919
160.08527,500,1144.04919
252.8415,500,1145.398342
201.25107,500,1145.398342
233.6258,500,1146.630769
164.77576,500,1146.630769
205.66713,500,1147.431884
183.9797,500,1147.431884
252.79208,500,1153.196342
202.54863,500,1153.196842
200.78316,500,1155.379781
212.10922,500,1155.379781
258.1963,500,1157.045593
203.13622,500,1157.046095
254.64886,500,1160.21416
141.55113,500,1160.21416
254.03752,500,1160.834247
201.04,500,1160.834247
234.49594,500,1162.173636
198.54561,500,1162.173636
257.36487,500,1162.853578
186.8736,500,1162.853578
227.70174,500,1164.178915
165.6968,500,1164.178915
256.74905,500,1169.907598
204.71591,500,1169.907598
231.22491,500,1172.110441
180.13753,500,1172.110441
256.91895,500,1173.657521
199.68771,500,1173.657521
223.65057,500,1176.801848
195.33041,500,1176.801848
249.20291,500,1177.425918
202.5024,500,1177.425918
227.23927,500,1178.766561
156.29605,500,1178.766561
256.30322,500,1179.432568
198.94647,500,1179.432568
205.15733,500,1180.784575
201.46019,500,1180.784575
253.85632,500,1186.615814
194.6659,500,1186.615814
175.74493,500,1188.293883
164.48477,500,1188.293883
207.8662,500,1190.415646
201.3225,500,1190.415646
254.37701,500,1193.57082
210.91347,500,1193.57082
236.67528,500,1194.185378
164.17021,500,1194.185378
227.21422,500,1195.513595
162.45724,500,1195.513595
248.00937,500,1196.189103
197.5869,500,1196.189103
244.15561,500,1197.545434
165.00261,500,1197.545434
210.96364,500,1203.291961
114.54779,500,1203.291961
200.84673,500,1204.942665
160.5847,500,1204.942665
258.64786,500,1207.03728
181.81862,500,1207.03728
220.3407,500,1209.640256
196.01845,500,1209.640256
192.14554,500,1210.822201
143.75893,500,1210.822201
235.70992,500,1212.133504
186.09044,500,1212.133504
217.87022,500,1212.82072
164.00253,500,1212.82072
220.51794,500,1213.630094
171.82758,500,1213.630594
244.17122,500,1220.039443
178.62254,500,1220.039942
225.20065,500,1221.692353
175.52632,500,1221.692353
243.00417,500,1223.7844
147.90887,500,1223.7844
247.68115,500,1226.386472
198.47127,500,1226.387516
232.70692,500,1227.544776
161.93788,500,1227.544776
251.85495,500,1228.92828
186.25256,500,1228.929283
209.56921,500,1229.634819
142.68565,500,1229.634819
241.37509,500,1230.480452
170.31993,500,1230.480452
243.45285,500,1236.987818
159.75362,500,1236.987818
236.84554,500,1238.688347
171.9031,500,1238.688347
187.74521,500,1240.847951
203.83769,500,1240.847951
259.12906,500,1243.458823
172.9234,500,1243.459323
248.34897,500,1244.076795
169.92,500,1244.076795
237.23996,500,1245.92608
183.03976,500,1245.92608
232.08878,500,1246.675202
161.77611,500,1246.675706
238.92159,500,1247.508758
192.30608,500,1247.509761
223.76726,500,1253.8249
181.72543,500,1253.8249
238.54759,500,1255.480902
184.25537,500,1255.480902
249.26082,500,1257.586229
198.79825,500,1257.586229
188.92216,500,1260.181664
196.9088,500,1260.181664
255.5143,500,1260.784791
195.72884,500,1260.784791
236.06113,500,1262.695441
180.92287,500,1262.695441
252.10841,500,1263.366477
193.81079,500,1263.366477
217.13344,500,1264.181756
125.2246,500,1264.181756
231.54031,500,1270.453681
173.43803,500,1270.453681
246.4485,500,1272.110103
201.14934,500,1272.110103
241.19766,500,1273.697517
177.08969,500,1273.697517
259.73172,500,1276.994246
165.38896,500,1276.994246
260.72906,500,1277.604977
202.28624,500,1277.604977
193.41724,500,1279.47393
185.76318,500,1279.47393
162.59564,500,1280.137581
170.63124,500,1280.137581
242.6578,500,1280.967071
182.07404,500,1280.967571
-97.166916,152,1284.462487
-511.79736,152,1284.462487
219.44061,500,1286.792861
158.60338,500,1286.792861
258.92325,500,1289.027754
198.7456,500,1289.027754
257.4519,500,1290.582388
208.14034,500,1290.582388
249.85896,500,1293.69223
205.70345,500,1293.69273
246.66585,500,1294.306647
199.32019,500,1294.306647
181.71928,500,1296.834652
160.70988,500,1296.834652
234.97385,500,1297.663884
190.8068,500,1297.663884
239.00586,500,1301.150309
184.01538,500,1301.150309
253.45842,500,1303.444774
204.99846,500,1303.444774
219.12747,500,1305.635784
185.98326,500,1305.635784
246.72823,500,1307.267083
210.16884,500,1307.267083
224.82487,500,1310.373193
193.05704,500,1310.374195
241.802,500,1310.992426
183.8277,500,1310.992426
135.9176,500,1313.564857
200.42503,500,1313.564857
184.96523,500,1314.373293
151.56801,500,1314.373293
228.74678,500,1317.844089
196.55986,500,1317.844589
259.04324,500,1320.163117
180.95235,500,1320.163117
236.90862,500,1322.379886
192.23965,500,1322.379886
216.57123,500,1323.923188
199.2091,500,1323.923188
251.71329,500,1327.069771
229.22084,500,1327.070274
186.14352,500,1327.698651
190.21046,500,1327.698651
220.92346,500,1330.232521
178.44685,500,1330.232521
237.20091,500,1331.061705
191.181,500,1331.061705
228.64478,500,1334.532143
197.82916,500,1334.532143
134.22707,500,1336.948211
196.26399,500,1336.948713
224.86554,500,1339.195233
188.45634,500,1339.195233
237.80339,500,1340.758885
192.78752,500,1340.758885
231.19449,500,1343.89116
198.49483,500,1343.89116
253.67476,500,1344.498953
196.4024,500,1344.498953
237.59175,500,1346.487188
177.93819,500,1346.487188
219.24422,500,1347.834451
209.76306,500,1347.834451
214.11185,500,1350.72619
183.76018,500,1350.72619
221.9251,500,1353.584435
187.91623,500,1353.584435
229.22888,500,1355.79794
186.98134,500,1355.79794
241.16272,500,1357.372333
193.45369,500,1357.372333
246.91548,500,1360.492359
174.1645,500,1360.492359
238.87057,500,1361.11789
210.95874,500,1361.11789
223.56537,500,1363.09471
213.37747,500,1363.09471
236.48512,500,1364.467134
202.62436,500,1364.467134
229.30005,500,1367.437475
193.49664,500,1367.437475
165.35164,500,1370.29291
166.52682,500,1370.29291
228.05481,500,1371.932148
221.91614,500,1371.932148
188.95605,500,1374.036159
202.7021,500,1374.036664
165.42578,500,1377.172079
198.4717,500,1377.172079
221.61296,500,1377.788313
199.08084,500,1377.788313
230.87872,500,1379.771786
198.16353,500,1379.771786
219.47726,500,1380.575167
172.86229,500,1380.575667
222.52278,500,1384.043125
218.54025,500,1384.043125
215.73712,500,1386.90181
212.18884,500,1386.90181
227.7184,500,1388.585054
189.37065,500,1388.585054
224.19104,500,1390.703965
192.7778,500,1390.703965
194.30112,500,1393.307835
209.35066,500,1393.307835
242.96173,500,1394.479911
211.05836,500,1394.479911
163.32251,500,1396.509709
141.50241,500,1396.509709
214.85794,500,1397.367832
185.0522,500,1397.367832
184.50229,500,1400.833759
130.28601,500,1400.833759
215.55748,500,1403.712469
195.49042,500,1403.712969
182.35573,500,1405.36048
161.25708,500,1405.36048
167.68858,500,1407.447814
213.76044,500,1407.447814
190.05583,500,1410.027435
170.07623,500,1410.027435
212.73106,500,1411.18628
224.93098,500,1411.18628
215.01338,500,1413.163855
171.2155,500,1413.163855
234.81946,500,1413.973014
188.94623,500,1413.973014
222.73677,500,1417.428366
188.28194,500,1417.428366
203.85977,500,1420.284072
199.95114,500,1420.284072
240.43256,500,1421.95505
217.07404,500,1421.95505
184.97592,500,1424.097991
166.63474,500,1424.097991
175.75409,500,1426.777333
180.46689,500,1426.777333
240.70895,500,1427.40187
189.64728,500,1427.40187
248.89676,500,1429.968232
220.39084,500,1429.968232
169.74232,500,1430.792439
190.36778,500,1430.792439
253.04047,500,1434.262719
198.94978,500,1434.262719
238.5682,500,1437.108373
192.47023,500,1437.108373
216.99065,500,1438.769845
200.03279,500,1438.769845
232.41602,500,1440.325989
189.9945,500,1440.325989
238.72029,500,1443.472984
232.03395,500,1443.472984
193.64128,500,1444.087547
205.07713,500,1444.087547
142.62846,500,1446.675032
164.53543,500,1446.675032
234.84947,500,1447.488383
180.14217,500,1447.488383
252.46948,500,1450.952487
192.2113,500,1450.952487
254.29384,500,1453.82992
223.00914,500,1453.82992
196.62883,500,1455.477701
195.2439,500,1455.477701
241.6702,500,1457.130729
211.12668,500,1457.130729
224.42113,500,1460.328841
187.03833,500,1460.328841
259.45682,500,1460.939285
213.58882,500,1460.939285
256.75632,500,1463.517478
219.7294,500,1463.517478
235.76134,500,1464.338906
198.13976,500,1464.338906
198.40184,500,1467.77068
151.02646,500,1467.77068
203.60239,500,1470.086944
157.13599,500,1470.086944
-211.94716,500,1472.279002
-270.74536,500,1472.279002
222.20892,500,1473.808407
173.00682,500,1473.808407
-206.52338,500,1476.93754
-151.24992,500,1476.93804
213.82297,500,1477.547048
182.51291,500,1477.547552
244.61575,500,1480.111963
165.20767,500,1480.111963
232.23273,500,1480.935229
201.4647,500,1480.935229
247.43942,500,1484.433815
211.53317,500,1484.434316
240.34222,500,1486.804406
209.70956,500,1486.804406
196.81108,500,1488.983617
186.02074,500,1488.983617
227.96732,500,1490.566063
201.65149,500,1490.566566
191.52994,500,1493.730275
208.6683,500,1493.730275
196.66127,500,1494.336803
182.00822,500,1494.336803
143.4018,500,1496.846458
202.57867,500,1496.846458
234.95961,500,1497.661153
168.52187,500,1497.661153
234.65149,500,1501.125201
193.18105,500,1501.125201
231.99345,500,1503.425492
200.64912,500,1503.425492
228.09962,500,1505.62685
192.97502,500,1505.62735
211.67659,500,1507.198976
173.37192,500,1507.198976
197.54056,500,1510.326527
161.32126,500,1510.326527
233.74464,500,1510.955505
217.10556,500,1510.955505
196.74673,500,1513.482919
201.95543,500,1513.482919
237.3705,500,1514.308275
196.03851,500,1514.308275
234.34286,500,1517.836922
210.74434,500,1517.836922
224.44446,500,1520.186318
174.43898,500,1520.186318
137.25813,500,1522.388896
179.73633,500,1522.388896
241.47354,500,1523.9612
230.55043,500,1523.9612
241.8852,500,1527.127444
196.2432,500,1527.127444
247.23114,500,1527.739925
215.99593,500,1527.739925
208.00894,500,1529.719749
191.72505,500,1529.719749
229.55977,500,1531.153178
179.6437,500,1531.154194
232.60326,500,1534.074221
222.74815,500,1534.074221
247.61574,500,1536.914726
186.92845,500,1536.914726
238.86821,500,1538.573415
188.65822,500,1538.573415
200.69762,500,1540.710442
216.20444,500,1540.710442
242.93849,500,1543.853899
196.52632,500,1543.853899
247.93094,500,1544.478302
202.67696,500,1544.478302
242.23822,500,1546.508387
226.54799,500,1546.508387
213.85126,500,1547.933019
217.9133,500,1547.933019
237.39435,500,1550.81219
167.29855,500,1550.81219
192.3826,500,1553.659937
177.11511,500,1553.659937
148.91463,500,1555.305494
190.0254,500,1555.305494
250.90125,500,1557.412369
201.16866,500,1557.412369
239.3388,500,1560.537866
196.08994,500,1560.537866
214.19524,500,1561.162643
193.98259,500,1561.162643
253.69563,500,1563.158354
217.8176,500,1563.158354
242.35114,500,1563.978179
191.52582,500,1563.978679
250.35828,500,1567.435621
237.3041,500,1567.435621
255.46225,500,1570.265111
207.1774,500,1570.265111
241.85176,500,1571.928439
223.71005,500,1571.928439
248.42517,500,1574.079088
195.6305,500,1574.079088
214.34058,500,1576.746642
212.84444,500,1576.746642
-174.59221,500,1577.9582
-128.78831,500,1577.9582
248.90833,500,1579.951879
202.0124,500,1579.951879
181.49402,500,1580.769218
217.06444,500,1580.769722
250.02036,500,1584.228768
203.54276,500,1584.228768
256.72684,500,1587.082587
210.60858,500,1587.082587
234.725,500,1588.749188
190.75697,500,1588.749188
-116.46066,500,1590.844479
-776.6023,500,1590.844979
258.6781,500,1593.416803
185.55426,500,1593.416803
171.9239,500,1594.025671
196.8229,500,1594.025671
231.98987,500,1596.564788
189.30211,500,1596.564788
258.2342,500,1597.392037
192.08748,500,1597.392037
218.05293,500,1600.88803
185.4604,500,1600.88803
241.09511,500,1603.747233
231.82079,500,1603.747233
254.86115,500,1605.381468
226.6707,500,1605.381468
196.99348,500,1607.580887
213.08052,500,1607.580887
235.34103,500,1610.16218
195.19524,500,1610.16218
240.93524,500,1610.779531
216.17668,500,1610.779531
241.38036,500,1613.312056
238.10637,500,1613.312056
233.62744,500,1614.118805
205.02008,500,1614.118805
202.46248,500,1617.557939
163.62161,500,1617.558439
247.61919,500,1620.391168
201.60721,500,1620.391168
245.43886,500,1622.05353
198.84648,500,1622.05403
247.10782,500,1623.623246
188.25575,500,1623.623246
240.50072,500,1626.744215
192.04395,500,1626.744215
216.67941,500,1627.358436
194.67894,500,1627.358436
-100.065414,500,1629.872086
-663.52856,500,1629.872086
225.38255,500,1630.679655
187.87007,500,1630.679655
233.92006,500,1634.153937
194.5816,500,1634.153937
172.87946,500,1636.51587
208.59169,500,1636.51587
245.97495,500,1638.744529
228.95966,500,1638.744529
240.14476,500,1640.303672
218.84166,500,1640.303672
237.48285,500,1643.402711
182.23451,500,1643.402711
218.85211,500,1644.009548
195.46611,500,1644.009548
252.68436,500,1646.571475
209.80356,500,1646.571475
230.2216,500,1647.386146
155.78587,500,1647.386146
186.22575,500,1650.850513
203.36751,500,1650.851013
226.734,500,1653.136367
193.73772,500,1653.136367
252.47537,500,1655.32644
193.6152,500,1655.327442
157.16788,500,1656.886199
207.51338,500,1656.886199
249.16832,500,1660.05785
196.09708,500,1660.05785
166.01538,500,1660.665139
171.90477,500,1660.665139
244.26709,500,1663.241204
180.80913,500,1663.241204
245.99309,500,1664.06119
177.00674,500,1664.06119
251.81392,500,1667.602856
182.97758,500,1667.602856
250.00291,500,1669.901537
217.13834,500,1669.901537
193.62163,500,1672.0898
203.36215,500,1672.0898
248.3619,500,1673.658193
201.65675,500,1673.658193
255.10408,500,1676.786528
221.87997,500,1676.786528
246.0028,500,1677.396379
203.65253,500,1677.396379
229.82529,500,1679.98263
181.05829,500,1679.98263
203.12169,500,1680.801103
225.01639,500,1680.801103
249.96358,500,1684.227097
203.94328,500,1684.227097
236.7827,500,1686.524168
203.39575,500,1686.524168
239.93538,500,1688.702647
183.77814,500,1688.703151
170.90608,500,1690.286059
186.71706,500,1690.286059
247.04852,500,1693.445304
197.91942,500,1693.445304
217.37143,500,1694.061433
183.14641,500,1694.061433
255.65361,500,1696.048315
205.2923,500,1696.048315
198.67813,500,1697.507108
190.51953,500,1697.507108
218.08385,500,1700.411936
211.24551,500,1700.411936
233.70453,500,1703.255736
188.54446,500,1703.255736
189.0881,500,1705.460008
178.23561,500,1705.460008
-25.187468,269,1706.374159
-288.4301,269,1706.374159
250.73213,500,1707.044369
231.3416,500,1707.044369
255.67563,500,1710.163401
205.51184,500,1710.163401
248.48303,500,1710.781502
229.54657,500,1710.781502
246.81633,500,1712.766467
224.43613,500,1712.766467
244.48625,500,1717.029953
157.63863,500,1717.029953
233.73901,500,1719.894787
189.09496,500,1719.894787
210.24097,500,1721.548209
144.49727,500,1721.548712
191.67259,500,1723.02496
167.23895,500,1723.02496
231.27512,500,1723.699941
208.97824,500,1723.70044
238.80244,500,1726.915
186.8909,500,1726.915
261.92386,500,1727.538837
200.67284,500,1727.538837
259.36575,500,1729.531313
212.86435,500,1729.531313
196.45793,500,1733.814318
186.46985,500,1733.814818
237.69159,500,1736.68822
203.20436,500,1736.68822
182.44705,500,1738.333153
226.38235,500,1738.333153
247.52188,500,1739.767922
224.9839,500,1739.767922
225.7403,500,1740.431013
202.23752,500,1740.432017
218.87784,500,1743.028321
218.22618,500,1743.028321
239.2353,500,1744.180357
192.6329,500,1744.180357
135.38449,500,1746.197104
161.7715,500,1746.197104
241.49478,500,1750.502252
224.58478,500,1750.502252
193.21532,500,1753.361525
121.16999,500,1753.362025
244.24245,500,1755.03485
211.45004,500,1755.03485
241.27705,500,1756.507087
231.17442,500,1756.507087
236.24403,500,1757.232149
203.05151,500,1757.232149
235.23254,500,1759.828484
230.56319,500,1759.828484
238.32161,500,1760.996075
194.2322,500,1760.996574
241.13565,500,1762.986476
183.17253,500,1762.986476
245.56854,500,1767.22348
212.60265,500,1767.223979
246.30966,500,1770.060387
204.55096,500,1770.060387
230.33752,500,1771.707157
178.01205,500,1771.707157
213.8522,500,1772.623499
213.95866,500,1772.624002
234.02559,500,1773.834387
239.85304,500,1773.834887
229.96002,500,1776.40352
193.72374,500,1776.40352
201.84117,500,1777.014979
207.42671,500,1777.014979
230.916,500,1779.528125
192.0168,500,1779.528625
234.10495,500,1783.820155
204.45271,500,1783.820155
213.56618,500,1786.704262
163.77496,500,1786.704262
250.75288,500,1788.363192
222.77795,500,1788.363192
221.04668,500,1789.25702
178.76561,500,1789.25702
237.63101,500,1790.482426
185.48322,500,1790.482426
237.83476,500,1793.057184
173.99695,500,1793.057184
250.21313,500,1793.656843
193.53023,500,1793.656843
210.2812,500,1796.175956
150.06781,500,1796.175956
236.80707,500,1800.372564
205.53596,500,1800.372564
206.64435,500,1803.23541
228.3777,500,1803.23541
261.09824,500,1804.898
217.60489,500,1804.8985
183.5559,500,1805.78807
180.95415,500,1805.78807
240.61996,500,1806.458643
186.49901,500,1806.458643
248.26146,500,1809.601115
234.1649,500,1809.601115
250.48994,500,1810.204891
187.07866,500,1810.204891
258.0646,500,1812.734154
226.87378,500,1812.734154
238.86632,500,1817.071176
179.93051,500,1817.071176
224.53491,500,1819.37207
218.35812,500,1819.37207
240.83168,500,1821.58191
195.41724,500,1821.58191
197.27252,500,1822.46824
160.55518,500,1822.46824
255.42189,500,1823.139116
221.32927,500,1823.139116
251.98853,500,1826.277777
208.42856,500,1826.277777
262.60553,500,1826.879258
213.20691,500,1826.879258
233.69202,500,1829.420043
218.34813,500,1829.420043
246.28282,500,1833.699961
193.67168,500,1833.699961
250.05844,500,1836.006482
188.4327,500,1836.006482
236.34879,500,1838.186105
180.31041,500,1838.186105
255.77061,500,1839.070355
211.79951,500,1839.070355
231.07643,500,1839.744088
203.31207,500,1839.744589
213.78287,500,1842.935278
175.65428,500,1842.935278
85.595245,500,1843.580521
128.84476,500,1843.580521
243.42018,500,1846.125643
225.81139,500,1846.125643
219.54837,500,1850.438351
214.3903,500,1850.438351
247.3539,500,1852.756013
200.52374,500,1852.756013
232.41095,500,1854.986852
200.01765,500,1854.986852
250.55437,500,1855.908676
203.01103,500,1855.908676
248.74007,500,1856.586432
211.45607,500,1856.586432
210.83182,500,1859.73427
206.28232,500,1859.73427
82.2434,500,1860.345114
111.129776,500,1860.345114
241.12404,500,1862.914363
186.68167,500,1862.914363
235.68283,500,1867.184384
185.24875,500,1867.184884
261.9808,500,1869.482694
206.61917,500,1869.482694
196.77477,500,1871.678988
192.4669,500,1871.678988
202.5079,500,1872.576735
190.09734,500,1872.576735
241.44017,500,1873.256114
188.6404,500,1873.256114
239.86351,500,1876.44002
201.93127,500,1876.44002
246.51012,500,1877.101423
213.63489,500,1877.101423
191.96556,500,1879.11069
208.32373,500,1879.111193
259.04486,500,1883.320581
212.87175,500,1883.320581
240.30576,500,1886.14326
213.08711,500,1886.14326
87.148384,500,1888.309275
157.2961,500,1888.309275
237.12675,500,1889.225393
207.3136,500,1889.225393
144.97757,500,1889.89776
215.57364,500,1889.89776
238.04944,500,1893.025197
186.6088,500,1893.025696
241.94379,500,1893.640159
208.8538,500,1893.640159
252.1605,500,1895.631687
204.25636,500,1895.631687
180.07799,500,1899.867891
156.5965,500,1899.867891
260.20593,500,1902.764039
213.51546,500,1902.764039
-350.33496,500,1904.421582
-225.13306,500,1904.421582
239.54688,500,1905.878656
199.27693,500,1905.878656
254.55605,500,1906.572269
203.62415,500,1906.572269
187.35324,500,1909.724324
133.047,500,1909.724324
238.31656,500,1910.333575
177.15941,500,1910.333575
241.43248,500,1912.333191
172.87666,500,1912.333191
208.00175,500,1916.577726
213.57504,500,1916.577726
231.53905,500,1919.459825
211.09087,500,1919.459825
240.10646,500,1921.103841
222.42825,500,1921.103841
191.11615,500,1922.547765
187.37526,500,1922.548265
241.2672,500,1923.217849
203.48819,500,1923.217849
255.35744,500,1925.794131
203.5787,500,1925.794131
249.98349,500,1926.972029
192.40292,500,1926.972529
235.28302,500,1928.974876
194.97786,500,1928.975379
232.27724,500,1933.229873
205.1484,500,1933.229873
246.20262,500,1936.079013
183.06525,500,1936.079013
239.39194,500,1937.845062
181.1311,500,1937.845062
200.66663,500,1938.743855
202.21635,500,1938.743855
247.22665,500,1939.977249
217.8284,500,1939.977249
258.66336,500,1942.607688
220.38806,500,1942.607688
255.38882,500,1943.766526
197.95346,500,1943.766526
245.95456,500,1945.75693
190.6743,500,1945.75693
242.91513,500,1949.975695
200.45186,500,1949.976195
227.29404,500,1952.818202
196.24585,500,1952.818202
233.29118,500,1954.441188
233.77011,500,1954.441688
255.35275,500,1955.346511
208.11736,500,1955.346511
243.22208,500,1956.555414
189.23836,500,1956.555414
239.72794,500,1959.146945
204.67729,500,1959.146945
256.73233,500,1959.754891
211.59529,500,1959.755391
207.52907,500,1962.328896
175.31155,500,1962.328896
141.20471,500,1966.627617
199.88878,500,1966.627617
205.34555,500,1969.537236
114.60766,500,1969.537236
233.9581,500,1971.170391
219.4759,500,1971.170391
258.03442,500,1972.083503
226.98012,500,1972.083503
249.96074,500,1972.763015
217.00708,500,1972.763015
238.58795,500,1975.886908
206.20001,500,1975.886908
248.52875,500,1976.502137
198.45296,500,1976.502137
230.05847,500,1979.041806
203.68987,500,1979.041806
236.75021,500,1983.348825
187.97577,500,1983.348825
245.17432,500,1986.217548
246.89896,500,1986.217548
241.84386,500,1987.857875
185.26024,500,1987.857875
250.65044,500,1988.752229
211.21368,500,1988.752229
240.37967,500,1989.422998
224.36493,500,1989.422998
244.1387,500,1992.552863
179.67992,500,1992.552863
242.19566,500,1993.195268
207.0976,500,1993.195268
210.51463,500,1995.717353
194.35696,500,1995.717353
261.07922,500,2000.122262
204.32521,500,2000.122262
253.25795,500,2002.434078
209.0704,500,2002.435081
242.67316,500,2004.603895
198.4695,500,2004.603895
225.07,500,2005.504089
180.2406,500,2005.504089
233.92543,500,2006.171467
173.23836,500,2006.171467
245.45424,500,2009.324414
198.8977,500,2009.324414
239.78036,500,2009.938022
165.66014,500,2009.938022
237.84119,500,2012.498679
185.44232,500,2012.498679
237.97786,500,2016.790612
176.42001,500,2016.791111
251.96039,500,2019.096277
224.51762,500,2019.096277
221.90105,500,2021.29027
190.92061,500,2021.29027
245.04008,500,2022.184831
198.63661,500,2022.184831
217.59901,500,2022.87232
225.57329,500,2022.87232
250.3618,500,2026.00097
232.37209,500,2026.00097
252.83499,500,2026.672651
229.51784,500,2026.673152
249.25304,500,2029.236404
227.8934,500,2029.236404
225.48164,500,2033.484963
209.00957,500,2033.484963
238.08595,500,2035.771588
193.87822,500,2035.771588
166.4684,500,2037.957752
153.62209,500,2037.957752
252.25705,500,2038.865221
196.62524,500,2038.865221
247.42697,500,2039.54086
211.60088,500,2039.541363
243.00539,500,2042.694986
180.65419,500,2042.695988
255.41621,500,2043.304312
228.22237,500,2043.304312
252.12198,500,2045.860951
214.11308,500,2045.860951
253.14844,500,2050.135458
209.75969,500,2050.135458
240.78783,500,2052.427144
228.49501,500,2052.427144
259.75925,500,2054.629862
220.45499,500,2054.629862
254.42699,500,2055.529945
208.48524,500,2055.529945
240.77846,500,2056.218449
201.56267,500,2056.218449
225.15416,500,2059.434196
209.74997,500,2059.434196
241.02043,500,2060.059263
199.9247,500,2060.059762
236.91318,500,2062.031108
215.44919,500,2062.031108
233.81795,500,2066.28457
222.71263,500,2066.28507
239.85278,500,2069.126989
216.559,500,2069.126989
233.53523,500,2070.768567
169.92493,500,2070.769071
266.45047,500,2072.226838
207.91441,500,2072.226838
177.80017,500,2072.898834
208.95021,500,2072.898834
243.3307,500,2076.036939
233.838,500,2076.036939
247.71991,500,2076.645977
193.31572,500,2076.645977
236.54817,500,2078.639501
207.69186,500,2078.639501
