#{"t_start": 1789594074.8588004, "env_id": "None"}
r,l,t
-47.586838,61,6.869202
-75.17876,63,6.98347
-35.120625,69,7.31171
-41.937134,72,7.508793
-49.402283,104,9.176053
86.4758,500,31.76642
-1.7427691,500,31.76642
-28.224699,500,31.767426
-306.40665,500,31.767426
-149.45935,500,31.767426
61.194973,500,35.658156
94.55317,500,35.780491
103.509705,500,36.09068
5.2233543,500,36.256537
-165.63461,500,37.858357
-56.85376,50,38.816813
-102.99509,135,39.460893
-168.58542,154,41.294922
-105.34725,90,43.222054
-127.843864,98,45.081455
-59.730515,73,49.74422
-74.018135,73,53.199423
-241.9541,230,53.453777
0.49103063,500,59.857009
-9.725061,500,59.857009
-727.37976,500,59.857009
6.90656,500,63.719214
-65.15021,62,63.790417
-436.69626,500,63.867084
-162.13406,500,64.179822
-167.78271,189,64.396332
108.32329,500,66.7841
-765.2606,500,71.236357
-480.51947,500,81.119555
-388.53122,500,87.61716
-585.4764,500,87.61716
-539.0,500,91.364223
-246.33965,500,91.43774
99.399895,500,91.505894
-269.44757,500,91.806555
-110.21814,500,92.011966
-53.883003,77,92.220958
113.751625,500,94.318622
-126.71614,97,97.20942
-71.60372,100,97.735066
-729.2149,500,98.538731
-98.74855,99,99.807959
-48.90351,79,104.339705
-247.3106,169,107.400482
-440.0571,500,108.206574
-128.27365,131,111.53411
79.79115,500,114.747544
-60.431297,95,115.969603
78.94812,500,118.451756
-45.133904,500,118.523787
62.387615,500,118.591401
-392.9672,500,119.076242
-55.388844,79,120.567791
116.07463,500,123.441105
-484.03958,500,124.827382
-99.375275,138,126.46248
-74.79904,81,128.180591
-317.05692,220,129.814273
-45.88102,58,131.729725
65.24264,500,134.461971
-414.77542,500,135.243909
75.5893,500,141.85744
-64.56872,53,144.330068
-67.08627,500,145.603458
-27.026491,500,145.726732
-171.33678,500,147.71697
-65.27258,75,149.203156
-51.71561,91,149.597461
-43.836594,68,150.975307
-774.77625,500,151.185764
103.55076,500,153.601365
-82.69876,102,154.879078
-43.343037,79,155.733304
-48.568592,59,156.412277
-111.102585,103,156.712881
18.83136,500,157.005762
115.44918,500,158.08872
-50.821922,63,160.277591
-47.120293,68,160.801142
6.7144675,500,161.70007
-761.73254,500,162.471149
-45.33329,66,163.949118
-165.07034,173,169.398677
113.660675,500,172.051679
-274.5057,500,176.702667
-126.88097,500,181.965004
-13.86058,334,182.263195
-867.18677,500,182.839854
-41.38964,500,184.072441
-44.492252,57,184.699777
80.33262,500,185.190818
54.70113,500,188.806575
-37.49079,71,188.966924
-8.436821,500,189.595026
108.044754,500,196.373866
-227.27888,198,199.050803
93.90819,500,199.16562
104.1189,500,203.792974
21.438446,500,209.299108
-456.786,500,209.873746
-122.99693,137,211.049301
-306.82178,500,211.117991
-77.1508,52,211.793348
75.48561,500,212.240282
-604.63654,500,215.924227
-74.849525,71,215.995904
-598.6358,500,216.572695
-247.57495,211,222.711747
110.807755,500,223.388668
112.56833,500,225.963382
-795.50305,500,226.079104
-959.7959,500,236.946681
-544.9434,500,238.174078
117.027374,500,239.264842
-113.077515,94,241.368575
-514.85297,500,242.989297
-56.346268,500,243.060969
-57.15548,68,243.375184
-7.1736,500,243.674604
-41.152653,69,245.588674
-40.55066,61,246.063359
-48.531624,85,247.182251
87.90702,500,249.97595
-71.98012,68,250.188854
-58.50518,86,250.628636
88.28586,500,250.703816
-44.196392,61,253.09009
113.35508,500,253.297559
96.44953,500,253.414771
-97.56151,94,255.118784
-41.641773,57,256.700331
-61.769596,84,260.797589
-121.733765,115,261.567874
17.982063,500,265.640038
-45.59649,83,270.395057
117.69814,500,270.824704
-342.66263,382,270.898851
-215.91728,500,271.173444
-103.044846,500,274.551697
107.204155,500,277.897374
-239.85219,320,279.213701
-542.0448,500,280.466731
-453.1341,500,280.582978
-19.428425,229,282.394673
-54.962437,72,286.47839
6.63039,500,287.673063
100.87689,500,296.108391
-639.5732,500,296.54436
-739.16156,500,297.644356
-60.859707,500,300.976274
-43.855114,500,304.307049
83.84844,500,305.607044
-238.74712,500,306.881914
-83.26144,500,306.995139
93.64748,500,312.929257
37.609974,500,314.053236
-244.82013,253,319.07785
-735.6984,500,322.687248
104.87827,500,323.116065
-219.36287,500,323.36104
-74.07673,65,326.93792
-526.90344,500,327.493637
106.220116,500,329.995336
-64.13852,65,330.475272
-470.0961,500,333.372419
-65.12128,500,333.490182
-41.572124,52,333.740829
-162.94777,209,334.04578
-44.766712,57,336.392972
50.656326,500,339.448429
34.650356,500,340.570638
-221.8656,193,340.635815
-49.138695,61,342.290693
-402.72968,500,345.556754
-40.84253,60,345.945603
-173.66463,500,349.882946
27.024084,500,353.444642
-71.51252,68,356.5619
-310.2473,214,356.670955
-400.0391,500,359.870971
-44.77774,53,359.936618
-657.80023,500,360.005232
64.42883,500,360.529303
64.172226,500,362.878102
-50.952667,49,365.949666
33.82795,500,367.067489
115.4818,500,367.134134
-192.86386,239,369.288617
-699.9135,500,371.954494
-48.716183,49,374.221776
64.325294,500,376.18964
-44.372818,50,376.533625
-482.23108,500,386.261327
-137.60095,500,386.328935
-613.55286,500,386.395059
-473.63788,500,386.916862
33.171856,500,392.36971
69.292725,500,393.458865
-28.287079,500,393.526005
-136.22519,149,394.153315
-93.50736,500,395.738921
-40.106056,72,396.862172
-42.913734,61,400.500892
106.75721,500,402.710027
-43.718884,54,403.001616
-409.40677,500,403.066266
-44.13777,56,406.491117
-58.146976,79,407.62672
-53.291687,41,409.561335
73.62912,500,412.94124
-178.86613,500,413.008385
-178.71439,500,413.597176
-95.861145,58,415.707487
-31.719969,500,418.194556
-48.343124,77,420.083083
-323.94965,500,420.194298
110.51428,500,420.815329
-42.871185,46,421.229748
81.28965,500,422.478065
-43.044952,50,423.609755
-102.65839,92,424.591788
60.46216,500,429.461822
-766.86884,500,433.214651
-109.193924,274,434.586902
79.509674,500,436.174628
-563.69745,500,438.894117
-643.24475,500,440.300195
-64.6216,85,444.222234
51.19917,500,447.477672
-508.40958,500,449.084709
-245.60872,500,450.186292
34.272934,500,451.179354
-63.84969,500,456.030039
-761.88055,500,458.989935
-97.30329,89,461.09208
37.701893,500,461.249422
-233.17082,500,462.87638
-41.8493,66,463.031696
-52.018387,81,465.065089
-53.413338,48,465.132056
91.07269,500,465.514499
-47.388435,58,468.754251
-103.06769,114,469.324462
-61.269363,83,469.981891
-31.655209,500,471.046474
-105.15814,117,471.932916
99.94015,500,474.275729
103.48296,500,475.825779
58.59425,500,476.961421
-73.198235,500,477.950276
99.441864,500,487.654148
-142.87173,182,487.903735
95.6738,500,494.927575
-108.582146,500,495.493216
71.45287,500,496.160632
-48.452415,500,497.305978
-4.707316,500,498.240356
-46.377815,73,498.520973
-629.93146,500,499.865033
-67.42537,92,501.406914
-46.36492,60,502.117996
74.88314,500,502.281242
-60.406723,500,503.410664
-53.694427,116,503.654637
-282.28055,174,511.080123
108.5081,500,513.268192
-72.29112,500,514.302816
-66.4822,63,516.959172
-324.10483,500,521.939773
105.391014,500,524.558105
-46.012054,58,524.667329
-277.80463,500,526.147914
-44.79507,46,526.841679
112.15316,500,526.958429
107.84652,500,528.608062
62.973106,500,529.853577
-46.107773,43,529.921584
-44.101875,48,530.083364
-86.75975,500,530.15301
-217.17383,322,531.131132
-47.479492,44,532.070235
-41.605404,48,532.231415
-42.174244,52,533.571116
-47.965565,48,535.137665
-48.27056,52,535.479843
-52.735462,54,537.626415
117.437904,500,537.781308
-58.593643,72,541.756769
-500.41245,500,543.691776
-45.61341,52,544.173325
-45.10682,56,546.783972
-18.8997,288,549.366496
-48.05967,68,550.763532
-426.43027,500,551.404011
-49.41014,34,552.488113
-55.92228,500,553.146233
76.90719,500,555.386774
107.53361,500,556.834982
-529.9809,500,556.910009
-126.182655,500,562.139518
-42.71953,45,564.240723
-446.4119,500,564.49505
-45.60914,56,566.846062
-49.209812,61,567.321583
-45.44831,55,570.229145
-243.93604,500,570.48314
47.84746,500,576.08616
93.54025,500,578.07331
77.7401,500,579.051001
108.59799,500,579.671459
74.866135,500,581.118941
-86.505936,75,582.441217
-942.0542,500,583.444545
101.174835,500,583.520194
-80.938995,192,585.910023
-793.3792,500,593.889548
103.56862,500,596.731997
-694.86926,500,596.985523
-52.473267,44,598.988095
-650.06085,382,601.735911
-98.38837,500,605.456984
94.89297,500,606.073247
120.46667,500,607.514965
-474.58896,500,609.755407
-282.77087,500,609.824572
-741.8988,500,612.225122
-184.06451,136,619.363689
-649.51953,500,620.213832
-25.250147,500,623.089625
-85.97932,69,624.192809
-396.77026,500,625.368419
-225.90787,500,628.145245
45.262905,500,631.90274
-505.91266,500,632.527324
-118.3586,146,632.95815
117.001434,500,633.994437
-690.8855,500,635.427595
102.92199,500,635.494725
-106.30649,79,637.469791
-48.701206,42,638.213593
-419.01468,500,645.730093
57.23417,500,648.715901
-328.7353,500,650.646428
-118.59412,500,654.514304
-142.1233,500,658.242521
-118.54701,241,658.491509
92.18262,500,658.880752
119.33636,500,660.316834
117.027115,500,661.819283
113.61762,500,663.776109
-365.06668,500,664.5316
-54.30714,49,666.77292
95.83698,500,674.999353
93.62351,500,676.91747
-55.481407,77,680.556913
-502.62128,500,680.945043
118.22368,500,684.7019
117.81232,500,684.9462
-122.024864,500,685.32798
-614.4452,500,686.752146
-470.93088,500,688.245119
-66.43794,77,688.318244
-45.03554,51,689.158969
-625.7622,500,689.461588
16.554214,500,693.269079
-49.2428,73,693.380797
-244.68602,258,698.543987
-134.09198,168,698.842529
0.6113703,500,701.538846
-242.80238,178,702.44591
-48.384823,71,705.653229
-186.04686,142,706.270046
101.4678,500,707.12835
81.72723,500,707.543874
-47.732807,57,708.49146
-141.53331,152,711.273445
100.220985,500,711.997258
-55.254814,52,713.724091
-278.21777,475,713.787708
-56.204018,58,714.72491
-27.799963,500,715.018403
-50.437473,31,716.172298
-52.413177,40,717.730504
-135.02768,500,720.009126
-44.88533,59,722.698381
-571.9162,500,725.255147
-35.19647,500,732.879931
94.88733,500,733.678782
15.921302,500,734.065613
-192.92706,190,734.858413
-178.84265,500,734.970669
-55.506367,66,735.995247
-45.114174,52,738.287323
-8.000632,500,740.379967
-60.444706,500,740.445072
-93.95943,103,741.79685
-298.42856,500,742.810349
-523.12744,500,743.519332
-63.746468,71,743.770838
-837.4473,500,749.30109
-45.59001,51,752.439843
-38.7316,214,753.276482
-270.40454,198,753.571311
-49.455814,68,755.604775
-587.00757,467,759.111121
-98.64504,105,759.225364
-444.18094,500,760.309301
-56.910324,85,760.379919
68.48528,500,761.596652
69.53058,500,763.874358
-50.08351,53,764.033718
-302.63858,500,766.768755
-51.79396,58,769.519341
-25.492739,500,769.970649
-756.46326,500,770.235208
-48.32554,64,773.342994
-46.75547,56,773.408603
-96.63995,107,775.983971
-335.23303,279,779.322602
-756.4077,500,779.798897
-191.72153,207,783.730858
-3.5702617,500,785.609439
-0.16080153,500,785.723655
84.5377,500,786.815004
-352.9707,500,786.880615
-85.85446,160,787.59303
-47.506187,59,789.623648
18.671776,500,790.560173
-118.48762,94,792.722728
-99.29974,500,799.315486
101.24408,500,800.671353
114.20168,500,802.555026
-98.75923,127,802.675657
81.5571,500,805.541625
-433.67813,500,806.645591
65.80227,500,806.763814
-474.12833,500,808.794515
-748.8344,500,811.669272
-77.09208,500,812.620811
-119.43687,500,814.944055
-51.06653,62,815.525852
86.85016,500,824.84051
-690.5782,500,828.91219
-695.5001,500,829.172682
-36.376816,500,833.001603
-44.640297,500,834.112921
-770.8293,500,834.230184
78.44549,500,836.185292
-57.570637,165,837.677258
-454.1506,500,839.991098
87.50845,500,841.414523
-702.2218,500,842.90377
-57.73855,52,844.792778
104.76126,500,852.177105
-252.91351,194,854.754207
115.82858,500,855.499485
-394.5557,312,859.520549
-46.102554,64,859.590201
110.83806,500,860.408954
-437.77316,500,861.508889
109.94071,500,861.627151
-45.049847,49,861.940089
113.95768,500,862.756891
72.63918,500,865.108601
40.925186,500,867.433458
-53.187218,64,868.17304
-60.525772,62,871.242478
-193.58252,179,872.981066
-351.31473,500,879.517061
-229.51291,500,882.107637
-64.58144,74,883.024902
-47.988705,52,886.343522
120.910065,500,886.738549
57.087193,500,887.618258
-269.58966,278,887.892469
103.290215,500,888.798579
86.25729,500,888.915816
-111.90908,500,889.225324
-47.991287,44,889.853762
111.741936,500,895.313864
88.496956,500,898.351497
-46.091354,62,901.263893
-463.11386,500,909.229204
-166.83963,500,913.392004
103.70801,500,913.783782
-33.9591,500,914.825385
-359.5859,500,915.682782
-76.49284,121,915.796
-220.7505,500,915.796
35.894325,500,916.09844
-231.10027,500,916.714007
-48.056366,63,919.9762
-50.179,65,920.69248
118.87453,500,922.341399
-49.212013,48,923.01108
-87.72029,87,924.16135
-64.73237,43,924.419666
-48.154015,72,927.300572
101.31095,500,928.41837
-308.21082,339,934.540352
-474.92538,500,940.604801
15.688343,500,941.002199
99.62688,500,942.050996
-415.59778,500,942.938858
118.17816,500,943.052885
-45.777065,62,943.9928
-48.255154,43,946.878156
-130.53445,85,946.996396
-13.022714,500,951.408453
-111.372154,500,951.669908
-58.864185,500,954.600459
95.87548,500,955.710256
-44.711464,47,956.895414
-70.38373,108,957.543979
-44.8239,60,958.645267
-113.18036,139,959.288247
-49.960396,56,961.081542
79.42039,500,962.005351
-60.069683,93,962.259744
-202.09785,500,968.07329
-4.092482,500,970.346434
-159.6051,500,970.466688
-129.57559,500,973.484591
-393.83408,500,973.615391
-224.65932,500,986.187975
-377.1297,230,986.49148
-144.8532,500,986.847764
-574.4775,500,987.808892
-47.146866,48,989.391788
-48.906685,46,989.602495
113.60772,500,989.602495
34.17611,500,989.858675
-46.765625,67,991.908041
98.8401,500,994.898109
-612.7452,500,998.030648
86.634995,500,998.155907
113.86593,500,1001.192737
-93.23197,97,1003.544336
121.87164,500,1014.038924
53.436337,500,1015.72365
-177.95099,500,1015.942177
109.28606,500,1015.942177
-209.79655,500,1017.098233
-637.5689,500,1019.24862
-98.8604,98,1019.858883
-74.62583,77,1020.537571
-77.93869,500,1022.358541
-43.182346,73,1022.854444
-58.185974,84,1025.535398
106.91427,500,1025.789279
-183.87433,201,1027.836209
-43.746326,62,1028.769758
-81.940025,500,1029.149199
-152.26138,500,1030.625918
-292.17255,193,1040.182491
100.023056,500,1044.050934
35.099102,500,1044.305952
120.90977,500,1047.655184
-726.275,500,1050.069291
-288.6169,500,1050.545651
-553.098,440,1051.500328
82.99993,500,1053.303447
114.832436,500,1056.059762
-489.85135,500,1057.864283
-49.833046,60,1059.875535
-61.23423,77,1063.541381
-384.7132,269,1067.042234
-160.38295,500,1067.551063
-546.2194,449,1069.192159
-49.126953,56,1070.493012
52.292847,500,1071.994467
79.34317,500,1075.350304
61.85035,500,1077.856176
-350.27472,500,1078.34177
-232.73299,189,1079.163307
