#{"t_start": 1790070150.871663, "env_id": "None"}
r,l,t
264.44366,500,20.122633
241.07553,500,20.122633
239.83281,500,20.122633
242.5439,500,20.122633
233.71487,500,20.122633
242.04979,500,20.122633
246.82283,500,20.123137
216.46924,500,20.123137
252.51004,500,20.123137
196.91989,500,20.123137
270.6369,500,20.123137
253.30396,500,20.123137
246.62376,500,20.123137
240.78552,500,20.123137
266.75024,500,20.123137
230.0526,500,20.123137
259.40347,500,38.414518
246.30571,500,38.414518
269.9148,500,38.414518
210.1779,500,38.414518
253.54355,500,38.414518
185.32066,500,38.414518
268.31992,500,38.414518
215.03058,500,38.414518
254.62177,500,38.414518
186.71394,500,38.414518
257.75165,500,38.414518
234.0225,500,38.414518
248.77597,500,38.414518
214.12877,500,38.414518
255.86899,500,38.414518
241.65503,500,38.414518
252.26202,500,56.52756
240.57196,500,56.52756
270.68692,500,56.52756
246.98288,500,56.52756
261.06226,500,56.52756
237.5242,500,56.52756
210.2491,500,56.52756
199.37106,500,56.52756
269.82062,500,56.52756
240.28613,500,56.52756
261.34528,500,56.52756
241.4913,500,56.52756
250.24721,500,56.52756
223.34518,500,56.52756
269.15106,500,56.52756
222.62547,500,56.52756
261.99332,500,74.725112
227.43483,500,74.725112
248.12018,500,74.725112
216.71832,500,74.725112
243.17421,500,74.725112
208.23727,500,74.725112
243.18126,500,74.725112
239.20981,500,74.725112
268.03647,500,74.725112
231.00595,500,74.725112
255.5021,500,74.725112
240.00975,500,74.725112
247.35399,500,74.725112
237.18091,500,74.725112
263.60794,500,74.725112
247.9402,500,74.725112
242.87323,500,93.153219
230.44794,500,93.153219
232.25789,500,93.153219
233.46225,500,93.153219
221.17169,500,93.153219
211.69688,500,93.153219
253.00685,500,93.153219
241.50871,500,93.153719
257.22067,500,93.153719
235.07411,500,93.153719
256.06738,500,93.153719
252.02371,500,93.153719
270.58154,500,93.153719
227.49915,500,93.153719
259.32452,500,93.153719
242.01057,500,93.153719
257.4333,500,111.157811
236.19713,500,111.157811
244.6072,500,111.157811
203.24782,500,111.157811
254.57745,500,111.157811
233.95871,500,111.157811
253.79544,500,111.157811
235.87709,500,111.157811
267.00775,500,111.157811
241.76012,500,111.157811
253.60362,500,111.157811
247.3474,500,111.157811
248.9793,500,111.157811
225.29478,500,111.157811
240.40671,500,111.157811
247.14423,500,111.157811
263.88412,500,129.433359
231.20241,500,129.433859
249.28793,500,129.433859
249.05997,500,129.433859
253.34471,500,129.433859
236.88342,500,129.433859
244.40439,500,129.433859
238.53232,500,129.433859
244.64719,500,129.433859
204.19208,500,129.433859
256.95987,500,129.433859
238.44347,500,129.433859
250.0868,500,129.433859
227.93474,500,129.433859
250.34824,500,129.433859
234.6084,500,129.433859
259.1024,500,147.866865
233.61784,500,147.866865
264.5872,500,147.866865
244.70432,500,147.866865
237.90398,500,147.866865
219.8085,500,147.866865
246.01268,500,147.866865
237.60033,500,147.866865
256.98132,500,147.866865
224.50647,500,147.866865
248.83487,500,147.866865
241.16663,500,147.866865
259.10223,500,147.866865
234.94121,500,147.866865
250.2443,500,147.866865
246.5833,500,147.866865
268.41034,500,165.845703
235.99866,500,165.845703
239.93102,500,165.845703
231.72903,500,165.845703
248.66888,500,165.845703
240.87442,500,165.845703
258.6147,500,165.845703
181.55473,500,165.845703
257.1038,500,165.845703
231.53185,500,165.845703
260.1332,500,165.845703
239.0968,500,165.845703
252.24333,500,165.845703
234.69678,500,165.845703
240.76428,500,165.845703
227.21217,500,165.845703
261.4679,500,183.756138
236.36653,500,183.756138
248.02689,500,183.756138
228.22144,500,183.756138
232.37119,500,183.756138
133.4708,500,183.756138
255.55142,500,183.756138
225.09135,500,183.756138
250.4796,500,183.756138
236.48138,500,183.756138
259.90015,500,183.756138
219.26042,500,183.756138
253.29672,500,183.756138
222.41576,500,183.756138
259.468,500,183.756138
242.2745,500,183.756138
247.77237,500,201.257004
240.7524,500,201.257004
245.67862,500,201.257004
231.54848,500,201.257004
243.47507,500,201.257004
232.14409,500,201.257004
259.3311,500,201.257004
232.44043,500,201.257004
255.60115,500,201.257004
228.60199,500,201.257004
250.80106,500,201.257004
237.23834,500,201.257004
242.8957,500,201.257004
229.08101,500,201.257004
258.57333,500,201.257004
246.9645,500,201.257004
247.3461,500,219.266182
246.7253,500,219.266682
241.35623,500,219.266682
227.90059,500,219.266682
252.66086,500,219.266682
245.01208,500,219.266682
251.26384,500,219.266682
234.02309,500,219.266682
248.86745,500,219.266682
243.11348,500,219.266682
248.82454,500,219.266682
243.53746,500,219.266682
217.33723,500,219.266682
229.54178,500,219.266682
257.7267,500,219.266682
229.69789,500,219.266682
248.51038,500,237.297027
45.034904,500,237.297027
252.18935,500,237.297027
236.70659,500,237.297027
227.07785,500,237.297027
200.91861,500,237.297027
246.11266,500,237.297027
226.98474,500,237.297027
254.78299,500,237.297027
208.73483,500,237.297027
251.98492,500,237.297027
219.18474,500,237.297027
215.5138,500,237.297027
114.097626,500,237.297027
231.79568,500,237.297027
-7.5261645,500,237.297027
256.8367,500,255.276801
229.5678,500,255.276801
246.79141,500,255.276801
195.71744,500,255.276801
256.98843,500,255.276801
225.98453,500,255.276801
253.20752,500,255.276801
204.49298,500,255.276801
248.54327,500,255.276801
231.1828,500,255.276801
255.40858,500,255.276801
224.17392,500,255.276801
232.12617,500,255.276801
205.6688,500,255.276801
80.21307,500,255.276801
211.1998,500,255.276801
245.68845,500,273.221538
153.2319,500,273.222038
254.82126,500,273.222038
231.11273,500,273.222038
238.66234,500,273.222038
242.2812,500,273.222038
245.37299,500,273.222038
212.2282,500,273.222038
237.01865,500,273.222038
184.58812,500,273.222038
249.47844,500,273.222038
242.18462,500,273.222038
258.04153,500,273.222038
232.8946,500,273.222038
232.38457,500,273.222038
215.41167,500,273.222038
254.2376,500,291.226914
232.06555,500,291.226914
252.69759,500,291.226914
238.95605,500,291.226914
243.35127,500,291.227414
211.45717,500,291.227414
140.94183,500,291.227414
154.52835,500,291.227414
232.20195,500,291.227414
184.50652,500,291.227414
255.93253,500,291.227414
238.05807,500,291.227414
251.84517,500,291.227414
234.97557,500,291.227414
256.5524,500,291.227414
219.09917,500,291.227414
246.2242,500,309.144762
223.51009,500,309.144762
237.16438,500,309.144762
176.76817,500,309.144762
252.56638,500,309.144762
220.55038,500,309.144762
251.72408,500,309.144762
235.93576,500,309.144762
246.03804,500,309.144762
213.00183,500,309.144762
253.60297,500,309.144762
181.4458,500,309.144762
252.30637,500,309.144762
169.6744,500,309.144762
261.43967,500,309.144762
227.0764,500,309.144762
265.3737,500,327.273667
241.95094,500,327.273667
250.35901,500,327.273667
183.7496,500,327.273667
244.87912,500,327.273667
210.87357,500,327.273667
263.61984,500,327.273667
230.50356,500,327.273667
243.07172,500,327.273667
199.749,500,327.273667
248.66618,500,327.273667
234.45361,500,327.273667
240.89552,500,327.273667
249.18001,500,327.273667
246.9026,500,327.273667
232.40114,500,327.273667
253.33391,500,345.420332
237.92201,500,345.420332
262.42065,500,345.420332
172.0509,500,345.420332
258.90128,500,345.420332
238.93314,500,345.420332
265.0238,500,345.420332
225.57222,500,345.420332
239.56393,500,345.420332
170.63203,500,345.420332
253.3547,500,345.420332
172.29997,500,345.420332
249.02086,500,345.420332
239.20175,500,345.420332
258.2552,500,345.420332
239.66965,500,345.420332
247.6643,500,363.436961
231.6551,500,363.437464
229.44823,500,363.437464
228.15965,500,363.437464
239.59462,500,363.437464
168.42596,500,363.437464
239.95236,500,363.437464
233.97731,500,363.437464
248.20996,500,363.437464
221.97453,500,363.437464
247.15,500,363.437464
217.11473,500,363.437464
246.31404,500,363.437464
232.749,500,363.437464
244.88551,500,363.437464
213.33391,500,363.437464
234.48375,500,381.43075
195.7541,500,381.43075
210.40926,500,381.43075
66.418274,500,381.43075
233.1226,500,381.43075
216.5167,500,381.43075
251.74097,500,381.43075
238.39052,500,381.43075
241.95949,500,381.43075
241.96953,500,381.43075
253.16856,500,381.43075
179.78746,500,381.43075
256.16672,500,381.43075
225.45975,500,381.43075
243.5127,500,381.43075
199.56981,500,381.43075
246.83835,500,398.801277
252.44019,500,398.801277
248.04202,500,398.801277
232.68549,500,398.801277
237.55135,500,398.801277
228.27898,500,398.801277
261.26215,500,398.801277
246.12651,500,398.801277
257.07285,500,398.801277
242.22972,500,398.801277
250.2802,500,398.801277
184.83037,500,398.801277
252.73878,500,398.801277
206.27806,500,398.801277
239.82256,500,398.801277
238.38588,500,398.801277
247.34839,500,416.879447
241.37961,500,416.879447
215.98161,500,416.879447
179.8473,500,416.879447
243.14265,500,416.879447
241.77324,500,416.879447
242.20158,500,416.879447
225.33778,500,416.879447
240.90744,500,416.879447
193.43918,500,416.879447
225.90865,500,416.879447
194.36499,500,416.879447
249.6343,500,416.879447
235.74275,500,416.879447
233.11522,500,416.879447
216.16753,500,416.879447
261.01202,500,434.895833
225.50859,500,434.895833
196.56087,500,434.895833
181.8401,500,434.895833
259.81433,500,434.895833
220.74777,500,434.895833
255.19188,500,434.895833
126.127205,500,434.895833
258.6146,500,434.895833
220.95009,500,434.895833
258.7771,500,434.895833
236.06839,500,434.895833
253.87189,500,434.895833
231.54362,500,434.895833
251.08658,500,434.895833
241.32555,500,434.895833
264.11227,500,452.829426
248.24005,500,452.829426
264.93658,500,452.829426
241.56825,500,452.829426
252.51768,500,452.829426
236.73485,500,452.829426
260.68552,500,452.829426
241.3144,500,452.829426
267.27405,500,452.829426
246.66524,500,452.829426
222.40376,500,452.829426
180.63089,500,452.829426
234.31998,500,452.829426
181.21996,500,452.829426
259.62762,500,452.829426
241.9476,500,452.829426
247.10698,500,470.852124
231.91841,500,470.852124
246.76915,500,470.852124
217.1718,500,470.852124
247.51173,500,470.852124
225.60254,500,470.852124
247.33264,500,470.852124
222.4451,500,470.852124
255.53148,500,470.852124
176.93475,500,470.852124
238.53212,500,470.852124
228.87143,500,470.852124
249.24385,500,470.852124
168.60123,500,470.852124
259.07642,500,470.852124
215.09207,500,470.852124
257.38177,500,488.735954
232.47487,500,488.735954
250.12117,500,488.735954
184.58995,500,488.735954
253.99432,500,488.735954
225.97958,500,488.735954
259.8942,500,488.735954
231.25867,500,488.735954
257.6044,500,488.735954
227.67775,500,488.735954
226.7721,500,488.735954
238.15092,500,488.735954
200.97496,500,488.735954
228.81563,500,488.735954
259.39478,500,488.735954
233.2473,500,488.735954
264.61865,500,506.781629
246.62146,500,506.781629
243.77289,500,506.781629
218.50722,500,506.781629
258.2262,500,506.781629
232.74304,500,506.781629
252.96182,500,506.781629
233.77333,500,506.781629
259.99747,500,506.781629
228.89072,500,506.781629
244.78474,500,506.781629
229.40173,500,506.781629
248.54428,500,506.781629
238.45016,500,506.781629
230.51149,500,506.781629
194.09254,500,506.781629
251.19783,500,524.770124
198.413,500,524.770124
258.0786,500,524.770124
253.0549,500,524.770124
266.6191,500,524.770124
231.65932,500,524.770624
257.47513,500,524.770624
224.53564,500,524.770624
215.80598,500,524.770624
-83.18495,500,524.770624
263.9626,500,524.770624
239.35672,500,524.770624
223.84862,500,524.770624
62.41224,500,524.770624
246.11484,500,524.770624
87.778694,500,524.770624
255.44029,500,542.571861
235.17644,500,542.571861
256.17303,500,542.571861
237.29582,500,542.571861
266.44894,500,542.571861
232.0805,500,542.571861
258.0075,500,542.571861
214.8341,500,542.571861
224.40138,500,542.571861
136.65227,500,542.571861
252.12682,500,542.571861
228.07176,500,542.571861
258.96106,500,542.571861
231.00827,500,542.571861
266.1679,500,542.571861
231.75603,500,542.571861
266.3544,500,560.450013
208.6755,500,560.450013
261.9285,500,560.450013
203.48132,500,560.450513
248.9881,500,560.450513
228.93678,500,560.450513
256.15146,500,560.450513
238.72426,500,560.450513
255.17703,500,560.450513
226.62154,500,560.450513
257.96597,500,560.450513
231.96033,500,560.450513
187.24222,500,560.450513
135.46698,500,560.450513
256.5213,500,560.450513
202.7211,500,560.450513
229.58534,500,577.921119
230.26329,500,577.921119
248.98659,500,577.921119
216.49467,500,577.921119
189.10506,500,577.921119
223.26363,500,577.921119
254.61089,500,577.921119
178.68779,500,577.921619
211.91434,500,577.921619
99.89168,500,577.921619
238.4833,500,577.921619
242.1927,500,577.921619
249.44707,500,577.921619
241.82516,500,577.921619
252.38266,500,577.921619
236.43059,500,577.921619
259.04483,500,595.846642
208.52226,500,595.846642
263.0828,500,595.846642
231.77223,500,595.846642
246.14441,500,595.846642
235.48242,500,595.846642
264.23672,500,595.847146
247.60995,500,595.847146
259.029,500,595.847146
223.26173,500,595.847146
256.79276,500,595.847146
236.78456,500,595.847146
224.69221,500,595.847146
239.10364,500,595.847146
260.27393,500,595.847146
216.59023,500,595.847146
248.56863,500,613.925821
214.07356,500,613.925821
226.73438,500,613.925821
231.19069,500,613.925821
249.54282,500,613.925821
236.9652,500,613.925821
246.32875,500,613.926321
214.81447,500,613.926321
262.9967,500,613.926321
228.55145,500,613.926321
246.56192,500,613.926321
174.38394,500,613.926321
243.19052,500,613.926321
230.15613,500,613.926321
251.90678,500,613.926321
231.21048,500,613.926321
257.66797,500,631.962792
223.27039,500,631.962792
219.00858,500,631.962792
216.33994,500,631.962792
229.4072,500,631.962792
197.88861,500,631.962792
261.8605,500,631.962792
228.20142,500,631.962792
253.90456,500,631.962792
202.32065,500,631.962792
251.21164,500,631.962792
180.0372,500,631.962792
250.4593,500,631.962792
210.87321,500,631.962792
234.95091,500,631.962792
184.26843,500,631.962792
256.78387,500,650.051378
224.43504,500,650.051378
266.51578,500,650.051378
242.33882,500,650.051378
251.0329,500,650.051378
209.75491,500,650.051878
249.70673,500,650.051878
193.1764,500,650.051878
260.04602,500,650.051878
200.5309,500,650.051878
245.74483,500,650.051878
176.46114,500,650.051878
257.89752,500,650.051878
227.65895,500,650.051878
253.34996,500,650.051878
199.28342,500,650.051878
231.69217,500,667.948282
158.21538,500,667.948787
268.02893,500,667.948787
234.18903,500,667.948787
262.48206,500,667.948787
241.80511,500,667.948787
222.45782,500,667.948787
209.30717,500,667.948787
251.96855,500,667.948787
223.63876,500,667.948787
261.36588,500,667.948787
229.38684,500,667.948787
258.39648,500,667.948787
226.98308,500,667.948787
255.43152,500,667.948787
220.12343,500,667.948787
258.6739,500,686.029895
232.99236,500,686.030395
251.85281,500,686.030395
234.52377,500,686.030395
239.67696,500,686.030395
164.26978,500,686.030395
237.0439,500,686.030395
235.78217,500,686.030395
260.25928,500,686.030395
217.18439,500,686.030395
251.41092,500,686.030395
238.81512,500,686.030395
268.27176,500,686.030395
240.38959,500,686.030395
243.53693,500,686.030395
218.2274,500,686.030395
225.65076,500,704.130898
208.91522,500,704.130898
254.78564,500,704.130898
215.0522,500,704.130898
251.14116,500,704.130898
245.81987,500,704.130898
261.47598,500,704.130898
235.0278,500,704.130898
263.18213,500,704.130898
239.40599,500,704.130898
266.39798,500,704.130898
248.1031,500,704.130898
262.6639,500,704.130898
247.68378,500,704.130898
263.97983,500,704.130898
245.65019,500,704.130898
261.48047,500,722.063904
233.63647,500,722.064404
232.54327,500,722.064404
220.90088,500,722.064404
262.7724,500,722.064404
243.6343,500,722.064404
266.5852,500,722.064404
226.80684,500,722.064404
260.68625,500,722.064404
223.37645,500,722.064404
252.22627,500,722.064404
221.29144,500,722.064404
248.51454,500,722.064404
229.43729,500,722.064404
268.20975,500,722.064404
207.3535,500,722.064404
258.2068,500,740.143936
233.54619,500,740.143936
258.84967,500,740.143936
248.62422,500,740.143936
242.01904,500,740.143936
218.3163,500,740.143936
235.8473,500,740.14444
183.63762,500,740.14444
260.70068,500,740.14444
224.95995,500,740.14444
255.14528,500,740.14444
212.76859,500,740.14444
231.50137,500,740.14444
232.3309,500,740.14444
255.25452,500,740.14444
224.13246,500,740.14444
251.95065,500,758.207326
246.10555,500,758.207326
241.49414,500,758.207326
223.92096,500,758.207326
225.01897,500,758.207326
223.64357,500,758.207326
230.32768,500,758.207326
186.79376,500,758.207326
250.57947,500,758.207326
244.6771,500,758.207326
229.57858,500,758.207326
209.95638,500,758.207326
244.20035,500,758.207326
229.01393,500,758.207326
238.76602,500,758.207326
240.71504,500,758.207326
233.82349,500,775.549912
232.30904,500,775.549912
184.71861,500,775.549912
157.23444,500,775.549912
248.44366,500,775.549912
223.36496,500,775.549912
259.03574,500,775.549912
225.80136,500,775.549912
250.32387,500,775.549912
250.692,500,775.549912
255.00412,500,775.549912
247.584,500,775.549912
249.4464,500,775.549912
245.6429,500,775.549912
252.1406,500,775.549912
178.3791,500,775.549912
256.35376,500,793.610881
240.80487,500,793.610881
251.72598,500,793.610881
226.3942,500,793.610881
128.73047,500,793.610881
-339.45505,500,793.610881
239.36537,500,793.610881
189.07684,500,793.610881
248.9885,500,793.610881
247.46033,500,793.610881
247.04164,500,793.610881
238.86656,500,793.610881
247.69128,500,793.610881
228.66547,500,793.610881
242.12724,500,793.610881
215.58073,500,793.610881
250.22568,500,811.564672
231.59145,500,811.564672
243.57954,500,811.564672
242.03549,500,811.564672
246.47868,500,811.564672
237.78462,500,811.564672
242.41812,500,811.564672
217.72136,500,811.564672
258.81732,500,811.564672
231.38908,500,811.564672
233.69571,500,811.564672
157.18668,500,811.564672
175.28467,500,811.564672
-71.53125,500,811.564672
259.0022,500,811.564672
238.42108,500,811.564672
-13.4831705,53,813.795802
-254.74814,53,813.796302
234.37692,500,829.572777
216.33539,500,829.572777
259.37384,500,829.572777
230.64227,500,829.572777
256.79242,500,829.572777
223.54982,500,829.572777
234.57138,500,829.573277
216.7375,500,829.573277
261.05283,500,829.573277
223.02013,500,829.573277
222.96301,500,829.573277
214.48451,500,829.573277
246.23845,500,829.573277
199.57726,500,829.573277
250.98717,500,831.835163
168.13274,500,831.835163
245.20831,500,847.579796
226.65785,500,847.580305
245.715,500,847.580305
235.28267,500,847.580305
246.9046,500,847.580305
231.36533,500,847.580305
232.94766,500,847.580305
216.35098,500,847.580305
241.89015,500,847.580305
229.59557,500,847.580305
236.64105,500,847.580305
173.13022,500,847.580305
231.5907,500,847.580305
221.46169,500,847.580305
234.02786,500,849.861132
129.2981,500,849.861132
236.76268,500,865.54797
157.54268,500,865.54797
242.46945,500,865.54797
166.00256,500,865.54797
250.05707,500,865.54797
225.65793,500,865.54797
229.64203,500,865.54797
224.24223,500,865.54797
258.7418,500,865.54797
240.89813,500,865.54797
235.2209,500,865.54797
149.85815,500,865.54797
217.59001,500,865.54797
3.4300113,500,865.54797
251.60796,500,867.234956
234.50993,500,867.234956
238.04462,500,883.629747
236.97609,500,883.630247
251.2762,500,883.630247
228.70004,500,883.630247
253.68034,500,883.630247
234.44745,500,883.630247
228.98056,500,883.630247
228.38383,500,883.630247
256.13748,500,883.630247
236.51373,500,883.630247
249.61392,500,883.630247
207.11896,500,883.630247
238.33395,500,883.630247
226.45906,500,883.630247
254.98225,500,885.297273
230.21628,500,885.297273
256.80087,500,902.352917
225.81264,500,902.352917
259.07788,500,902.352917
226.55005,500,902.352917
244.52957,500,902.352917
200.68684,500,902.352917
254.78586,500,902.352917
224.21457,500,902.352917
245.04951,500,902.352917
225.09698,500,902.352917
259.6058,500,902.352917
242.45786,500,902.352917
254.1706,500,902.352917
253.12646,500,902.352917
246.57042,500,904.083828
228.42595,500,904.083828
248.17967,500,921.273969
191.09013,500,921.273969
264.77405,500,921.273969
221.4675,500,921.273969
244.58392,500,921.273969
233.99544,500,921.273969
265.7742,500,921.273969
227.065,500,921.273969
268.22903,500,921.273969
239.54817,500,921.273969
240.54655,500,921.273969
241.50233,500,921.273969
249.18376,500,921.273969
239.17696,500,921.273969
242.13158,500,923.174462
227.19319,500,923.174462
256.78366,500,939.728449
239.36908,500,939.728449
242.63559,500,939.728449
218.47253,500,939.728449
255.26642,500,939.728953
211.21153,500,939.728953
247.7527,500,939.728953
225.7264,500,939.728953
257.96442,500,939.728953
219.47368,500,939.728953
261.57025,500,939.728953
226.32567,500,939.728953
252.12463,500,939.728953
179.71832,500,939.728953
250.18715,500,941.388217
235.44482,500,941.388217
253.32278,500,957.915711
235.38264,500,957.915711
253.70953,500,957.915711
242.10445,500,957.915711
248.98656,500,957.915711
225.94453,500,957.915711
252.18002,500,957.915711
197.64624,500,957.915711
259.2671,500,957.915711
219.5615,500,957.915711
258.05902,500,957.915711
232.32298,500,957.915711
251.05385,500,957.915711
208.57661,500,957.915711
237.80244,500,959.59469
223.41689,500,959.59519
253.94234,500,975.526016
226.664,500,975.526016
142.96805,500,975.526016
15.297023,500,975.526016
230.00087,500,975.526016
144.17279,500,975.526516
265.08585,500,975.526516
233.9493,500,975.526516
246.02905,500,975.526516
225.88219,500,975.526516
256.9394,500,975.526516
247.24734,500,975.526516
240.58888,500,975.526516
215.39291,500,975.526516
255.48605,500,977.814517
226.41609,500,977.814517
251.1261,500,993.603317
232.43889,500,993.603317
231.52675,500,993.603317
233.15257,500,993.603317
254.23932,500,993.603317
178.00496,500,993.603317
251.2668,500,993.603317
225.80002,500,993.603317
265.25305,500,993.603317
221.6745,500,993.603317
248.64465,500,993.603317
195.03264,500,993.603317
238.48839,500,993.603317
225.39973,500,993.603317
231.76575,500,995.859083
170.94408,500,995.859083
245.99097,500,1011.64013
229.82661,500,1011.64013
248.77989,500,1011.64013
221.3889,500,1011.64013
243.10168,500,1011.64013
231.82462,500,1011.64013
200.179,500,1011.64013
3.496656,500,1011.64013
236.25427,500,1011.641132
193.9396,500,1011.641132
251.2137,500,1011.641132
183.44653,500,1011.641132
255.04233,500,1011.641132
181.50572,500,1011.641132
251.34056,500,1013.896512
242.33987,500,1013.896512
272.1804,500,1029.618621
176.31465,500,1029.618621
259.64627,500,1029.618621
176.73904,500,1029.618621
248.62614,500,1029.618621
218.32692,500,1029.618621
247.94185,500,1029.618621
234.221,500,1029.618621
227.86375,500,1029.618621
220.69408,500,1029.618621
263.70633,500,1029.618621
230.69101,500,1029.618621
261.4897,500,1029.618621
210.03618,500,1029.618621
219.264,500,1031.898273
220.87825,500,1031.898273
238.99141,500,1047.755307
212.76445,500,1047.755307
235.48824,500,1047.755307
210.92209,500,1047.755307
211.18333,500,1047.755307
204.4809,500,1047.755307
237.04639,500,1047.755307
190.85669,500,1047.755307
259.89188,500,1047.755307
229.4717,500,1047.755307
267.5486,500,1047.755307
183.29237,500,1047.755307
226.90068,500,1047.755307
209.96591,500,1047.755807
240.48868,500,1049.472502
217.5191,500,1049.472502
-21.758083,58,1050.272014
-261.65778,58,1050.272014
245.49081,500,1065.88218
236.00362,500,1065.882694
242.31534,500,1065.882694
233.05844,500,1065.882694
224.06659,500,1065.882694
96.57914,500,1065.882694
253.04262,500,1065.882694
227.2844,500,1065.882694
248.07788,500,1065.882694
171.19862,500,1065.882694
256.8975,500,1065.882694
194.11627,500,1065.882694
258.2904,500,1067.549711
223.00725,500,1067.549711
244.86275,500,1067.716773
168.49341,500,1067.716773
236.83777,500,1083.934473
234.6689,500,1083.934473
255.24617,500,1083.934473
229.93571,500,1083.934473
204.266,500,1083.934473
213.73097,500,1083.934473
238.12758,500,1083.934473
205.43472,500,1083.934473
237.08955,500,1083.934473
227.64078,500,1083.934473
245.5204,500,1083.934473
236.50084,500,1083.934473
239.6894,500,1085.644508
182.99579,500,1085.645008
208.60356,500,1085.827432
217.20793,500,1085.827432
224.24934,500,1102.130871
210.2609,500,1102.130871
261.0,500,1102.130871
224.28482,500,1102.130871
256.3743,500,1102.130871
226.85753,500,1102.130871
263.0116,500,1102.130871
230.62184,500,1102.130871
257.64874,500,1102.130871
234.00026,500,1102.130871
265.40195,500,1102.130871
221.22339,500,1102.130871
249.01268,500,1103.795396
209.98721,500,1103.795396
233.53922,500,1103.971951
206.83476,500,1103.971951
265.37674,500,1120.082374
223.36649,500,1120.082374
242.217,500,1120.082374
203.3403,500,1120.082374
250.62627,500,1120.082374
217.05067,500,1120.082374
251.79282,500,1120.082374
226.88742,500,1120.082374
229.1562,500,1120.082374
199.52814,500,1120.082374
238.04176,500,1120.082374
189.82913,500,1120.082374
225.93623,500,1121.728589
229.55171,500,1121.728589
202.03772,500,1121.904485
235.60861,500,1121.904485
238.26259,500,1138.164453
215.01015,500,1138.164453
218.42493,500,1138.164453
171.42546,500,1138.164453
243.52829,500,1138.164453
145.70337,500,1138.164453
209.12604,500,1138.164453
231.71683,500,1138.164453
230.56575,500,1138.164453
215.85262,500,1138.164453
257.60254,500,1138.164453
219.89282,500,1138.164453
228.76299,500,1139.840842
164.24161,500,1139.840842
270.32892,500,1140.015912
174.09476,500,1140.016411
260.28574,500,1155.618727
234.09982,500,1155.619227
207.01123,500,1155.619227
102.37399,500,1155.619227
212.46199,500,1155.619227
217.81622,500,1155.619227
263.00772,500,1155.619227
188.74873,500,1155.619227
251.97574,500,1155.619227
229.15976,500,1155.619227
252.10881,500,1155.619227
218.30624,500,1155.619227
239.45456,500,1157.890067
208.24443,500,1157.890067
224.70355,500,1158.072956
234.64748,500,1158.072956
240.33983,500,1173.688131
222.95761,500,1173.688131
262.51056,500,1173.688131
168.6302,500,1173.688131
266.08438,500,1173.688131
239.28177,500,1173.688131
263.55872,500,1173.688131
211.41173,500,1173.688131
244.02507,500,1173.688131
230.3786,500,1173.688131
252.12726,500,1173.688131
214.50725,500,1173.688131
224.42468,500,1175.922304
162.9573,500,1175.922304
244.00587,500,1176.096802
219.42535,500,1176.096802
235.17305,500,1191.726425
177.97285,500,1191.726425
193.46529,500,1191.726425
140.69261,500,1191.726425
241.0263,500,1191.726925
220.67172,500,1191.726925
260.52557,500,1191.726925
247.46265,500,1191.726925
255.26515,500,1191.726925
214.00188,500,1191.726925
258.5409,500,1191.726925
239.43091,500,1191.726925
264.49356,500,1193.977864
196.90407,500,1193.977864
197.2411,500,1194.150175
2.3082476,500,1194.150675
246.03897,500,1209.810009
218.36833,500,1209.810009
217.07002,500,1209.810009
183.57816,500,1209.810009
246.78146,500,1209.810009
227.39905,500,1209.810009
128.90947,500,1209.810009
187.7425,500,1209.810009
223.86757,500,1209.810009
212.23373,500,1209.810009
248.65128,500,1209.810009
197.6845,500,1209.810009
213.13626,500,1212.078369
202.78702,500,1212.078369
197.65575,500,1212.252817
5.859583,500,1212.252817
201.89525,500,1227.831641
85.07298,500,1227.831641
252.26408,500,1227.831641
218.85939,500,1227.831641
244.72118,500,1227.831641
194.08414,500,1227.831641
247.6682,500,1227.831641
194.98868,500,1227.831641
239.75105,500,1227.831641
239.45692,500,1227.831641
253.75876,500,1227.831641
225.52689,500,1227.831641
249.03345,500,1230.073682
232.26169,500,1230.073682
-30.655476,58,1230.249219
-251.62115,58,1230.249719
247.6309,500,1230.249719
178.91632,500,1230.249719
240.6145,500,1245.888834
238.70427,500,1245.888834
233.34857,500,1245.888834
206.19302,500,1245.888834
251.73792,500,1245.888834
217.48601,500,1245.888834
225.29868,500,1245.888834
219.36574,500,1245.888834
241.7851,500,1245.888834
171.45644,500,1245.888834
254.81946,500,1247.53833
225.6511,500,1247.53883
247.69878,500,1247.710176
227.86676,500,1247.710176
250.81482,500,1247.710176
247.14653,500,1247.710176
228.14679,500,1263.957734
229.7303,500,1263.957734
235.08862,500,1263.957734
222.6391,500,1263.957734
249.50224,500,1263.957734
228.4682,500,1263.957734
252.12854,500,1263.957734
184.24623,500,1263.957734
249.14859,500,1263.957734
231.1244,500,1263.957734
256.3777,500,1265.646987
232.71587,500,1265.646987
252.80513,500,1265.829405
202.82156,500,1265.829405
251.08902,500,1265.829405
213.31187,500,1265.829405
243.68298,500,1282.02132
191.94476,500,1282.02132
250.05879,500,1282.02132
52.51851,500,1282.02132
220.02776,500,1282.02132
189.98111,500,1282.02132
238.19165,500,1282.02132
181.11217,500,1282.02132
220.74213,500,1282.02132
202.66203,500,1282.02132
247.24911,500,1283.700632
203.41794,500,1283.700632
241.09007,500,1283.870449
215.38826,500,1283.870949
258.49582,500,1283.870949
169.15393,500,1283.870949
202.56068,500,1299.919926
145.0238,500,1299.919926
231.70645,500,1299.919926
232.0148,500,1299.919926
242.74226,500,1299.919926
240.59575,500,1299.919926
261.7089,500,1299.919926
226.38121,500,1299.919926
218.16066,500,1299.919926
218.70717,500,1299.919926
257.66928,500,1301.56167
236.66815,500,1301.56167
257.74893,500,1301.738108
238.11993,500,1301.738612
200.276,500,1301.738612
184.97896,500,1301.738612
252.91776,500,1318.166085
237.69293,500,1318.166085
238.05888,500,1318.166085
196.62958,500,1318.166085
233.70963,500,1318.166085
189.80902,500,1318.166085
242.12842,500,1318.166085
227.0109,500,1318.166085
257.30054,500,1318.166085
194.54453,500,1318.166085
249.18956,500,1319.788713
242.92612,500,1319.788713
224.98367,500,1319.954991
213.45924,500,1319.954991
250.75056,500,1319.954991
233.68918,500,1319.954991
241.3059,500,1335.892215
236.92863,500,1335.892215
247.59685,500,1335.892215
236.22789,500,1335.892215
256.77826,500,1335.892215
238.42,500,1335.892215
248.56328,500,1335.892215
182.0155,500,1335.892215
241.84317,500,1335.892215
186.92511,500,1335.892215
246.63263,500,1337.525862
126.33904,500,1337.525862
255.92587,500,1337.695239
240.58531,500,1337.69574
238.2227,500,1337.69574
214.91208,500,1337.69574
235.47118,500,1352.923483
180.00204,500,1352.923483
235.74269,500,1352.923483
215.69678,500,1352.923483
259.10626,500,1352.923483
212.16338,500,1352.923483
223.11171,500,1352.923483
212.0209,500,1352.923483
242.42468,500,1352.923483
220.51543,500,1352.923483
233.55193,500,1355.148634
246.00151,500,1355.148634
240.923,500,1355.317556
191.82782,500,1355.317556
231.7695,500,1355.317556
205.19124,500,1355.317556
261.8657,500,1370.688307
219.21918,500,1370.688307
212.29422,500,1370.688307
162.38826,500,1370.688307
231.90587,500,1370.688307
175.51768,500,1370.688307
214.39587,500,1370.688307
131.69524,500,1370.688307
254.0455,500,1370.688307
223.12627,500,1370.688307
253.2244,500,1372.890297
213.23323,500,1372.890801
242.97412,500,1373.060742
230.1273,500,1373.060742
243.30322,500,1373.060742
162.94617,500,1373.060742
215.16214,500,1388.310198
232.37816,500,1388.310198
263.06168,500,1388.310198
245.09883,500,1388.310198
215.74304,500,1388.310198
185.9983,500,1388.310198
246.82402,500,1388.310198
180.56514,500,1388.310198
244.32536,500,1388.310198
228.84563,500,1388.310198
259.6094,500,1390.518251
228.95158,500,1390.518251
248.97223,500,1390.690659
176.62852,500,1390.690659
147.4312,500,1390.690659
193.03609,500,1390.690659
258.73203,500,1406.015397
240.18484,500,1406.015898
246.15009,500,1406.015898
205.14944,500,1406.015898
240.76309,500,1406.015898
154.72234,500,1406.015898
242.62195,500,1406.015898
160.3697,500,1406.015898
174.49454,500,1406.015898
-148.49011,500,1406.015898
233.61441,500,1408.24977
225.02037,500,1408.24977
240.72853,500,1408.418783
186.50642,500,1408.418783
202.51176,500,1408.418783
-49.5205,500,1408.418783
249.42264,500,1423.807078
207.21138,500,1423.807078
238.41405,500,1423.807078
205.30331,500,1423.807078
260.72482,500,1423.807578
233.64809,500,1423.807578
233.85384,500,1423.807578
165.82016,500,1423.807578
209.75555,500,1423.807578
220.63864,500,1423.807578
256.00046,500,1426.032801
205.20114,500,1426.032801
221.20045,500,1426.201527
219.02441,500,1426.201527
252.90622,500,1426.201527
219.07509,500,1426.201527
226.7559,500,1441.553256
188.50577,500,1441.553256
257.62976,500,1441.553256
227.92586,500,1441.553256
242.1901,500,1441.553256
221.66702,500,1441.553256
252.15266,500,1441.553759
222.47404,500,1441.553759
240.40225,500,1441.553759
52.471645,500,1441.553759
252.80174,500,1443.220582
227.85228,500,1443.221083
257.04727,500,1443.395504
238.17398,500,1443.395504
248.52463,500,1443.395504
233.2136,500,1443.395504
227.28802,500,1459.340209
222.99,500,1459.340209
229.74348,500,1459.340209
240.68643,500,1459.340209
261.66965,500,1459.340209
221.73824,500,1459.340209
241.44658,500,1459.340209
221.77055,500,1459.340209
246.74068,500,1459.340712
203.1631,500,1459.340712
257.81863,500,1460.971883
174.85742,500,1460.971883
254.87233,500,1461.140768
223.97066,500,1461.140768
265.94373,500,1461.140768
220.59238,500,1461.140768
256.91867,500,1477.005827
227.07643,500,1477.005827
239.58458,500,1477.005827
169.15979,500,1477.005827
258.19708,500,1477.005827
214.22891,500,1477.005827
231.21779,500,1477.005827
229.4566,500,1477.005827
241.33206,500,1477.005827
89.486435,500,1477.005827
266.19482,500,1478.670352
239.01549,500,1478.670352
233.02225,500,1478.838395
96.50309,500,1478.838395
236.3207,500,1478.838395
138.27162,500,1478.838395
251.70317,500,1494.760325
221.89064,500,1494.760827
49.503906,500,1494.760827
143.15076,500,1494.760827
244.19408,500,1494.760827
231.9893,500,1494.760827
244.187,500,1494.760827
191.1429,500,1494.760827
219.4589,500,1494.760827
229.87761,500,1494.760827
247.51642,500,1496.379655
222.68126,500,1496.379655
253.26192,500,1496.548529
231.78787,500,1496.548529
247.82167,500,1496.548529
190.14876,500,1496.548529
246.76048,500,1512.542501
216.1321,500,1512.542501
238.58408,500,1512.542501
223.13205,500,1512.542501
240.11911,500,1512.542501
226.08286,500,1512.542501
242.24438,500,1512.542501
77.57419,500,1512.542501
261.2219,500,1512.542501
235.49347,500,1512.542501
247.73573,500,1514.207464
232.00987,500,1514.207464
250.44257,500,1514.382198
196.11356,500,1514.382198
264.68927,500,1514.382198
243.92708,500,1514.382198
225.54236,500,1530.255972
175.8158,500,1530.255972
233.46379,500,1530.255972
222.52937,500,1530.255972
245.59293,500,1530.255972
214.28026,500,1530.256471
249.58905,500,1530.256471
192.65427,500,1530.256471
240.49872,500,1530.256471
223.05962,500,1530.256471
206.87442,500,1531.900495
187.33788,500,1531.900495
225.55382,500,1532.071798
214.63863,500,1532.071798
229.65459,500,1532.071798
249.41187,500,1532.071798
252.34097,500,1547.494718
215.90622,500,1547.495218
265.67935,500,1547.495218
241.07509,500,1547.495218
240.35898,500,1547.495218
225.84267,500,1547.495218
232.24216,500,1547.495218
201.20836,500,1547.495218
229.9977,500,1547.495218
209.10535,500,1547.495218
262.76837,500,1549.686153
245.5363,500,1549.686153
232.01167,500,1549.854029
237.70381,500,1549.854029
222.5411,500,1549.854029
184.09033,500,1549.854029
221.35234,500,1565.055617
220.48187,500,1565.055617
236.5767,500,1565.055617
226.06012,500,1565.055617
236.06929,500,1565.055617
225.79903,500,1565.055617
206.53436,500,1565.055617
234.99525,500,1565.055617
237.06383,500,1565.055617
248.46126,500,1565.055617
246.02783,500,1567.279813
237.00435,500,1567.279813
257.25903,500,1567.447102
242.39441,500,1567.447102
227.33072,500,1567.447102
197.86908,500,1567.447102
239.5906,500,1582.795497
223.68181,500,1582.795497
235.67822,500,1582.795497
228.07668,500,1582.795497
251.88564,500,1582.795497
204.6762,500,1582.795497
183.3038,500,1582.795497
184.77713,500,1582.795497
235.98834,500,1582.795497
233.47618,500,1582.795497
237.36473,500,1585.009665
223.37285,500,1585.009665
235.39102,500,1585.18201
210.86134,500,1585.18201
259.65588,500,1585.18201
243.20377,500,1585.18201
257.587,500,1600.453278
229.57906,500,1600.453278
243.21582,500,1600.453278
216.41246,500,1600.453278
266.46536,500,1600.453278
235.47635,500,1600.453278
233.29044,500,1600.453278
226.8294,500,1600.453278
259.77795,500,1600.453278
243.51292,500,1600.453278
228.54254,500,1602.721869
169.70198,500,1602.721869
227.5051,500,1602.900703
173.6438,500,1602.900703
257.7427,500,1602.900703
182.99475,500,1602.900703
247.25575,500,1618.142487
229.31833,500,1618.142487
256.80078,500,1618.142487
247.614,500,1618.142487
236.26587,500,1618.142487
213.34256,500,1618.142487
259.962,500,1618.142487
240.87239,500,1618.142487
243.85254,500,1618.142487
187.56021,500,1618.142487
129.44534,500,1619.753626
135.1637,500,1619.754125
240.08994,500,1620.499187
225.51253,500,1620.499187
247.17375,500,1620.499187
198.47583,500,1620.499187
239.02977,500,1635.853834
203.79857,500,1635.853834
244.42543,500,1635.853834
201.84245,500,1635.853834
261.49472,500,1635.853834
233.8699,500,1635.853834
257.14835,500,1635.853834
177.31154,500,1635.853834
252.59633,500,1635.853834
172.61655,500,1635.853834
228.45375,500,1637.466545
223.95454,500,1637.466545
258.69577,500,1637.631161
228.45119,500,1637.631161
245.20874,500,1637.631161
236.73479,500,1637.631161
231.623,500,1653.48395
228.41306,500,1653.48395
235.43202,500,1653.48395
221.47328,500,1653.48395
246.05745,500,1653.48395
216.4055,500,1653.48395
247.4307,500,1653.48395
223.17157,500,1653.48395
251.43341,500,1653.48395
163.65245,500,1653.48395
193.3406,500,1655.117711
80.70285,500,1655.117711
244.5697,500,1655.293545
234.47125,500,1655.294044
252.40031,500,1655.294044
240.41869,500,1655.294044
255.20271,500,1671.248846
193.32187,500,1671.248846
221.76915,500,1671.248846
163.26178,500,1671.248846
247.13054,500,1671.248846
228.12006,500,1671.248846
245.51369,500,1671.248846
227.73479,500,1671.248846
245.92816,500,1671.248846
190.19705,500,1671.248846
253.22777,500,1672.88322
189.0999,500,1672.88322
265.70706,500,1673.066064
234.63469,500,1673.066064
266.4272,500,1673.066064
201.6218,500,1673.066064
248.05371,500,1688.828398
192.25151,500,1688.828398
241.99565,500,1688.828398
211.3373,500,1688.828398
261.1034,500,1688.828398
245.62828,500,1688.828398
245.10172,500,1688.828398
241.88054,500,1688.828898
268.76956,500,1688.828898
190.53632,500,1688.828898
270.98642,500,1690.477101
241.01097,500,1690.477101
264.07477,500,1690.647967
198.32368,500,1690.647967
261.64935,500,1690.647967
247.3811,500,1690.647967
237.1513,500,1706.52523
111.51503,500,1706.52523
237.40323,500,1706.52523
205.44608,500,1706.52523
267.14053,500,1706.52523
237.6857,500,1706.52523
252.30995,500,1706.52523
234.23924,500,1706.52523
247.77614,500,1706.52523
193.11554,500,1706.52523
240.06296,500,1708.155397
237.02869,500,1708.155397
271.93033,500,1708.32797
184.68156,500,1708.32797
205.85718,500,1708.32797
92.53826,500,1708.32797
259.43817,500,1723.706801
236.5193,500,1723.706801
242.50322,500,1723.706801
232.0616,500,1723.706801
240.94008,500,1723.706801
240.94745,500,1723.706801
240.13736,500,1723.706801
228.7367,500,1723.706801
245.36292,500,1723.706801
235.94218,500,1723.706801
251.0476,500,1725.90257
167.4218,500,1725.90257
239.14958,500,1726.071867
193.46211,500,1726.071867
240.39343,500,1726.071867
135.77211,500,1726.071867
241.92633,500,1741.316108
148.21194,500,1741.316108
245.0019,500,1741.316108
177.67078,500,1741.316108
248.8043,500,1741.316108
179.63118,500,1741.316108
235.69669,500,1741.316108
207.47789,500,1741.316108
253.89642,500,1741.316108
244.66945,500,1741.316108
245.66687,500,1743.534693
194.89926,500,1743.534693
243.68977,500,1743.710031
215.6422,500,1743.710031
245.54309,500,1743.710031
220.52966,500,1743.710031
241.95844,500,1759.072479
230.03973,500,1759.072479
234.62454,500,1759.072479
229.53653,500,1759.072479
270.49133,500,1759.072479
180.76978,500,1759.072479
263.33417,500,1759.072479
187.75394,500,1759.072479
234.54729,500,1759.072479
162.15369,500,1759.072979
238.6237,500,1761.302685
211.38681,500,1761.302685
243.19344,500,1761.470642
228.5002,500,1761.471142
252.1832,500,1761.471142
170.78029,500,1761.471142
254.71765,500,1776.725394
233.17899,500,1776.725394
249.04997,500,1776.725394
227.11766,500,1776.725394
246.7616,500,1776.725394
247.36375,500,1776.725394
246.73857,500,1776.725394
232.30957,500,1776.725394
240.4564,500,1776.725394
205.66002,500,1776.725394
259.31967,500,1778.896241
230.32582,500,1778.896241
255.5559,500,1779.063198
205.67847,500,1779.063198
242.76488,500,1779.063198
194.17108,500,1779.063198
251.93501,500,1794.285742
243.36882,500,1794.285742
241.48642,500,1794.285742
157.03677,500,1794.285742
253.18956,500,1794.285742
232.13715,500,1794.285742
261.401,500,1794.285742
225.23639,500,1794.285742
245.65404,500,1794.285742
225.08604,500,1794.285742
222.34576,500,1796.512951
147.82573,500,1796.512951
239.23508,500,1796.683774
186.04399,500,1796.683774
233.98528,500,1796.683774
204.2299,500,1796.683774
221.56163,500,1811.814267
242.87975,500,1811.814267
257.4585,500,1811.814267
216.68425,500,1811.814267
263.63748,500,1811.814267
232.03351,500,1811.814267
255.58603,500,1811.814267
229.7325,500,1811.814267
255.70052,500,1811.814267
190.66676,500,1811.814267
254.33762,500,1813.544133
244.4746,500,1813.544133
245.39932,500,1813.720053
165.29301,500,1813.720053
256.82385,500,1813.720053
210.80675,500,1813.720053
231.31177,500,1829.61781
232.33801,500,1829.61781
241.90794,500,1829.61781
147.93617,500,1829.61781
259.37314,500,1829.61781
247.56694,500,1829.61781
214.85507,500,1829.61781
227.02963,500,1829.61781
245.14336,500,1829.61781
215.2922,500,1829.61781
245.42665,500,1831.254678
242.11244,500,1831.254678
244.60312,500,1831.427709
237.32373,500,1831.427709
253.32422,500,1831.427709
205.95135,500,1831.427709
230.76334,500,1847.34904
173.58736,500,1847.34904
253.77957,500,1847.34904
227.40009,500,1847.34904
235.54286,500,1847.34904
243.63715,500,1847.34904
246.17558,500,1847.34904
207.46732,500,1847.34904
212.73053,500,1847.34904
239.05098,500,1847.34904
257.6448,500,1848.974879
230.49922,500,1848.974879
224.14015,500,1849.150113
244.73822,500,1849.150113
252.33356,500,1849.150113
244.18903,500,1849.150113
261.91513,500,1864.913283
189.45247,500,1864.913283
200.31224,500,1864.913283
186.57393,500,1864.913283
252.82117,500,1864.913283
209.14032,500,1864.913283
228.61877,500,1864.913783
230.39125,500,1864.913783
250.56386,500,1864.913783
202.55806,500,1864.913783
252.49191,500,1866.556677
204.32951,500,1866.556677
243.09236,500,1866.725047
203.86945,500,1866.725047
253.9165,500,1866.725047
174.4545,500,1866.725047
268.8027,500,1882.600804
250.91779,500,1882.600804
258.0623,500,1882.600804
246.0575,500,1882.600804
262.12802,500,1882.600804
204.494,500,1882.600804
260.9044,500,1882.600804
199.11732,500,1882.600804
254.44464,500,1882.600804
223.55556,500,1882.600804
230.99881,500,1884.239015
179.28502,500,1884.239015
239.58011,500,1884.411256
184.1872,500,1884.411256
253.1407,500,1884.411256
179.96954,500,1884.411256
244.90022,500,1900.164116
172.48953,500,1900.164116
250.00272,500,1900.164116
220.07936,500,1900.164617
264.0229,500,1900.164617
211.2657,500,1900.164617
248.67801,500,1900.164617
229.84554,500,1900.164617
245.37413,500,1900.164617
218.53688,500,1900.164617
230.29065,500,1901.792495
222.9674,500,1901.792495
245.81975,500,1901.964242
214.17677,500,1901.964242
256.96198,500,1901.964242
220.10634,500,1901.964242
252.91211,500,1917.31311
211.33942,500,1917.31311
227.3082,500,1917.31311
247.39784,500,1917.31311
219.46696,500,1917.31311
167.17715,500,1917.31311
237.14221,500,1917.31311
212.8583,500,1917.31311
267.82788,500,1917.31311
248.91429,500,1917.31311
260.7161,500,1919.500539
216.96738,500,1919.500539
234.29044,500,1919.66547
217.28354,500,1919.66547
261.52667,500,1919.66547
248.362,500,1919.66547
254.39095,500,1934.992379
235.68756,500,1934.992379
258.65823,500,1934.992379
219.22409,500,1934.992379
262.79688,500,1934.992379
230.8189,500,1934.992379
260.3214,500,1934.992379
183.00311,500,1934.992379
242.47435,500,1934.992379
178.63295,500,1934.992379
240.24098,500,1937.201599
243.38358,500,1937.201599
230.59674,500,1937.362896
194.09254,500,1937.362896
235.41379,500,1937.362896
187.2185,500,1937.362896
233.62723,500,1952.624226
250.05562,500,1952.624226
226.41968,500,1952.624226
216.51126,500,1952.624226
257.6555,500,1952.624226
239.936,500,1952.624226
246.34398,500,1952.624226
172.46573,500,1952.624226
228.01984,500,1952.624226
206.95256,500,1952.624226
258.27347,500,1954.845007
251.13335,500,1954.845007
242.26764,500,1955.0138
203.78055,500,1955.0138
233.69589,500,1955.0138
195.44337,500,1955.0138
258.23984,500,1970.219097
239.08615,500,1970.219599
252.60031,500,1970.219599
167.36551,500,1970.219599
239.71252,500,1970.219599
229.91087,500,1970.219599
244.88808,500,1970.219599
188.53143,500,1970.219599
245.46124,500,1970.219599
221.18561,500,1970.219599
244.75095,500,1972.426073
226.51512,500,1972.426073
249.37172,500,1972.594517
240.45549,500,1972.594517
236.19366,500,1972.594517
229.28592,500,1972.594517
241.0493,500,1987.855502
222.24612,500,1987.855502
258.14035,500,1987.855502
204.7289,500,1987.855502
241.47244,500,1987.855502
181.44186,500,1987.855502
209.65623,500,1987.855502
169.3414,500,1987.855502
226.08131,500,1987.855502
203.0695,500,1987.855502
236.06718,500,1990.09251
190.96121,500,1990.09251
227.75558,500,1990.261281
220.61353,500,1990.261281
255.41757,500,1990.261281
239.27396,500,1990.261281
257.3616,500,2005.632102
221.65973,500,2005.632102
234.28778,500,2005.632601
218.00317,500,2005.632601
239.24205,500,2005.632601
198.32472,500,2005.632601
259.61478,500,2005.632601
191.07817,500,2005.632601
185.7685,500,2005.632601
151.42839,500,2005.632601
219.27231,500,2007.271959
181.10707,500,2007.272459
238.09937,500,2007.438753
167.93106,500,2007.438753
246.19159,500,2007.438753
219.1831,500,2007.438753
227.72221,500,2023.287915
209.75279,500,2023.288917
259.16516,500,2023.288917
226.79999,500,2023.288917
230.50122,500,2023.288917
206.63286,500,2023.288917
243.44028,500,2023.288917
223.87971,500,2023.288917
249.9015,500,2023.288917
194.59843,500,2023.288917
251.64987,500,2024.954551
197.44867,500,2024.954551
184.11082,500,2025.125902
46.5599,500,2025.125902
243.11299,500,2025.125902
158.77539,500,2025.125902
217.87105,500,2040.916807
158.65077,500,2040.917307
263.6199,500,2040.917307
200.86226,500,2040.917307
159.11743,500,2040.917307
64.14551,500,2040.917307
234.07117,500,2040.917307
179.47241,500,2040.917307
234.01993,500,2040.917307
223.40274,500,2040.917307
263.3746,500,2042.545446
183.91495,500,2042.545446
229.93692,500,2042.714682
180.75844,500,2042.714682
228.92783,500,2042.714682
210.38364,500,2042.714682
240.24326,500,2058.595711
193.78381,500,2058.595711
241.67505,500,2058.595711
228.0617,500,2058.595711
206.67583,500,2058.595711
65.08559,500,2058.595711
165.09018,500,2058.595711
116.937935,500,2058.595711
248.41383,500,2058.595711
195.19276,500,2058.595711
258.4505,500,2060.223576
236.58578,500,2060.223576
244.7699,500,2060.388439
179.87625,500,2060.388439
245.4222,500,2060.388439
228.49844,500,2060.388439
256.05054,500,2076.225778
231.15466,500,2076.225778
221.22513,500,2076.225778
191.57736,500,2076.225778
225.12347,500,2076.225778
191.50957,500,2076.225778
231.41846,500,2076.225778
190.77061,500,2076.225778
266.26288,500,2076.225778
238.0202,500,2076.225778
193.84944,500,2077.871509
-14.228398,500,2077.871509
248.23799,500,2078.037866
208.14862,500,2078.038366
258.7322,500,2078.038366
239.93134,500,2078.038366
257.81445,500,2093.920509
186.93414,500,2093.921009
261.1852,500,2093.921009
210.91046,500,2093.921009
252.3342,500,2093.921009
242.59897,500,2093.921009
204.78201,500,2093.921009
178.37314,500,2093.921009
257.53546,500,2093.921009
241.21394,500,2093.921009
227.88611,500,2095.56614
162.26529,500,2095.56664
245.41379,500,2095.736989
236.47462,500,2095.736989
243.659,500,2095.736989
202.96864,500,2095.736989
250.32835,500,2110.925211
199.4263,500,2110.925211
243.62463,500,2110.925211
196.69687,500,2110.925211
242.29648,500,2110.925211
219.84587,500,2110.925211
191.60242,500,2110.925211
43.374092,500,2110.925211
242.70483,500,2110.925711
164.14664,500,2110.925711
265.81903,500,2113.189206
233.47656,500,2113.189206
239.9179,500,2113.366559
192.21849,500,2113.366559
229.37202,500,2113.366559
21.399986,500,2113.366559
133.99928,500,2128.610358
112.081795,500,2128.610358
232.16322,500,2128.610358
163.94121,500,2128.610358
242.82486,500,2128.610358
162.70122,500,2128.610358
254.34715,500,2128.610358
195.94954,500,2128.610358
248.73708,500,2128.610358
229.11537,500,2128.610861
247.44278,500,2130.81814
218.48447,500,2130.81814
262.2088,500,2130.983376
246.38234,500,2130.983376
245.95613,500,2130.983376
168.05396,500,2130.983376
253.70476,500,2146.264572
223.98524,500,2146.264572
244.61215,500,2146.264572
204.60236,500,2146.264572
239.06386,500,2146.264572
230.09567,500,2146.264572
240.9081,500,2146.264572
156.21523,500,2146.264572
266.5692,500,2146.264572
237.898,500,2146.264572
180.0204,500,2148.504644
56.145866,500,2148.504644
243.75955,500,2148.678453
190.66075,500,2148.678453
224.82457,500,2148.678453
243.47928,500,2148.678453
223.6209,500,2163.847071
104.22692,500,2163.847071
238.92267,500,2163.847071
195.83763,500,2163.847071
225.4379,500,2163.847071
123.31735,500,2163.847071
254.47633,500,2163.847071
128.84819,500,2163.847071
256.49585,500,2163.847071
201.83536,500,2163.847071
259.93918,500,2166.046562
189.21082,500,2166.046562
258.90015,500,2166.215942
216.47118,500,2166.215942
267.787,500,2166.215942
230.42094,500,2166.215942
207.11082,500,2181.580575
224.21576,500,2181.580575
239.4376,500,2181.580575
-57.476025,500,2181.580575
246.4324,500,2181.580575
218.28146,500,2181.580575
244.44167,500,2181.580575
206.67674,500,2181.580575
240.70729,500,2181.580575
177.43631,500,2181.580575
259.3625,500,2183.232996
227.76344,500,2183.232996
213.58861,500,2183.955015
114.51356,500,2183.955015
260.57184,500,2183.955015
227.1313,500,2183.955015
229.47977,500,2199.13558
151.67342,500,2199.13558
231.66963,500,2199.13558
215.7606,500,2199.13558
250.6584,500,2199.13558
223.52882,500,2199.13558
235.37688,500,2199.13558
198.07704,500,2199.13558
220.70409,500,2199.13558
148.72176,500,2199.136084
249.19572,500,2200.759624
204.5971,500,2200.759624
248.34985,500,2200.923529
238.25256,500,2200.923529
229.72295,500,2200.923529
220.46509,500,2200.923529
234.87442,500,2216.891366
209.05313,500,2216.891366
242.27744,500,2216.891366
184.41953,500,2216.891366
252.41718,500,2216.891366
229.0575,500,2216.891366
-134.33418,500,2216.891366
-448.44165,500,2216.891366
217.7936,500,2216.891366
59.47146,500,2216.891366
233.82103,500,2218.516758
209.25162,500,2218.516758
244.75829,500,2218.689026
155.98424,500,2218.689026
231.11995,500,2218.689026
204.54652,500,2218.689026
229.54514,500,2234.635933
229.58447,500,2234.635933
215.1398,500,2234.635933
123.73104,500,2234.635933
245.0152,500,2234.635933
164.40877,500,2234.635933
218.34433,500,2234.635933
103.03738,500,2234.635933
220.28926,500,2234.635933
211.59041,500,2234.635933
240.20003,500,2236.285836
207.11394,500,2236.286336
257.00912,500,2236.452689
207.00569,500,2236.452689
246.55223,500,2236.452689
232.64523,500,2236.452689
